Année,Libellé du département,Candidat,Pourcentage tour 1,Pourcentage tour 2,Clivage,Pouvoir achat,Taux criminalite,Taux chomage,Nombre defaillance entreprise,Gagnant tour 1,Gagnant tour 2
1995,LOIRE ATLANTIQUE,PHILIPPE VILLIERS DE,6.97,0.0,Droite,0.0,0.0,0.0,0,0,0
1995,MAINE ET LOIRE,PHILIPPE VILLIERS DE,8.98,0.0,Droite,0.0,0.0,0.0,0,0,0
1995,MAYENNE,PHILIPPE VILLIERS DE,6.43,0.0,Droite,0.0,0.0,0.0,0,0,0
1995,SARTHE,PHILIPPE VILLIERS DE,6.12,0.0,Droite,0.0,0.0,0.0,0,0,0
1995,VENDEE,PHILIPPE VILLIERS DE,22.02,0.0,Droite,0.0,0.0,0.0,0,1,0
1995,LOIRE ATLANTIQUE,J.MARIE LE PEN,9.61,0.0,Extrême droite,0.0,0.0,0.0,0,0,0
1995,MAINE ET LOIRE,J.MARIE LE PEN,10.09,0.0,Extrême droite,0.0,0.0,0.0,0,0,0
1995,MAYENNE,J.MARIE LE PEN,9.47,0.0,Extrême droite,0.0,0.0,0.0,0,0,0
1995,SARTHE,J.MARIE LE PEN,11.43,0.0,Extrême droite,0.0,0.0,0.0,0,0,0
1995,VENDEE,J.MARIE LE PEN,7.3,0.0,Extrême droite,0.0,0.0,0.0,0,0,0
1995,LOIRE ATLANTIQUE,JACQUES CHIRAC,18.5,50.33,Droite,0.0,0.0,0.0,0,0,1
1995,MAINE ET LOIRE,JACQUES CHIRAC,20.03,56.99,Droite,0.0,0.0,0.0,0,0,1
1995,MAYENNE,JACQUES CHIRAC,23.66,59.49,Droite,0.0,0.0,0.0,0,0,1
1995,SARTHE,JACQUES CHIRAC,18.76,49.21,Droite,0.0,0.0,0.0,0,0,0
1995,VENDEE,JACQUES CHIRAC,18.2,60.41,Droite,0.0,0.0,0.0,0,0,1
1995,LOIRE ATLANTIQUE,ARLETTE LAGUILLER,6.2,0.0,Extrême gauche,0.0,0.0,0.0,0,0,0
1995,MAINE ET LOIRE,ARLETTE LAGUILLER,5.35,0.0,Extrême gauche,0.0,0.0,0.0,0,0,0
1995,MAYENNE,ARLETTE LAGUILLER,5.15,0.0,Extrême gauche,0.0,0.0,0.0,0,0,0
1995,SARTHE,ARLETTE LAGUILLER,5.94,0.0,Extrême gauche,0.0,0.0,0.0,0,0,0
1995,VENDEE,ARLETTE LAGUILLER,4.52,0.0,Extrême gauche,0.0,0.0,0.0,0,0,0
1995,LOIRE ATLANTIQUE,JACQUES CHEMINADE,0.28,0.0,Gauche,0.0,0.0,0.0,0,0,0
1995,MAINE ET LOIRE,JACQUES CHEMINADE,0.3,0.0,Gauche,0.0,0.0,0.0,0,0,0
1995,MAYENNE,JACQUES CHEMINADE,0.32,0.0,Gauche,0.0,0.0,0.0,0,0,0
1995,SARTHE,JACQUES CHEMINADE,0.32,0.0,Gauche,0.0,0.0,0.0,0,0,0
1995,VENDEE,JACQUES CHEMINADE,0.28,0.0,Gauche,0.0,0.0,0.0,0,0,0
1995,LOIRE ATLANTIQUE,LIONEL JOSPIN,26.15,49.67,Gauche,0.0,0.0,0.0,0,1,0
1995,MAINE ET LOIRE,LIONEL JOSPIN,20.92,43.01,Gauche,0.0,0.0,0.0,0,0,0
1995,MAYENNE,LIONEL JOSPIN,19.74,40.51,Gauche,0.0,0.0,0.0,0,0,0
1995,SARTHE,LIONEL JOSPIN,23.48,50.79,Gauche,0.0,0.0,0.0,0,1,1
1995,VENDEE,LIONEL JOSPIN,19.47,39.59,Gauche,0.0,0.0,0.0,0,0,0
1995,LOIRE ATLANTIQUE,DOMINIQUE VOYNET,4.21,0.0,Gauche,0.0,0.0,0.0,0,0,0
1995,MAINE ET LOIRE,DOMINIQUE VOYNET,3.78,0.0,Gauche,0.0,0.0,0.0,0,0,0
1995,MAYENNE,DOMINIQUE VOYNET,3.76,0.0,Gauche,0.0,0.0,0.0,0,0,0
1995,SARTHE,DOMINIQUE VOYNET,3.65,0.0,Gauche,0.0,0.0,0.0,0,0,0
1995,VENDEE,DOMINIQUE VOYNET,3.26,0.0,Gauche,0.0,0.0,0.0,0,0,0
1995,LOIRE ATLANTIQUE,EDOUARD BALLADUR,20.9,0.0,Droite,0.0,0.0,0.0,0,0,0
1995,MAINE ET LOIRE,EDOUARD BALLADUR,25.08,0.0,Droite,0.0,0.0,0.0,0,1,0
1995,MAYENNE,EDOUARD BALLADUR,26.76,0.0,Droite,0.0,0.0,0.0,0,1,0
1995,SARTHE,EDOUARD BALLADUR,21.63,0.0,Droite,0.0,0.0,0.0,0,0,0
1995,VENDEE,EDOUARD BALLADUR,20.19,0.0,Droite,0.0,0.0,0.0,0,0,0
1995,LOIRE ATLANTIQUE,ROBERT HUE,7.19,0.0,Gauche,0.0,0.0,0.0,0,0,0
1995,MAINE ET LOIRE,ROBERT HUE,5.47,0.0,Gauche,0.0,0.0,0.0,0,0,0
1995,MAYENNE,ROBERT HUE,4.71,0.0,Gauche,0.0,0.0,0.0,0,0,0
1995,SARTHE,ROBERT HUE,8.67,0.0,Gauche,0.0,0.0,0.0,0,0,0
1995,VENDEE,ROBERT HUE,4.75,0.0,Gauche,0.0,0.0,0.0,0,0,0
2002,LOIRE ATLANTIQUE,BRUNO MEGRET,1.51,0.0,Extrême droite,4.470241318805868,0.0,7.928571428571429,157365,0,0
2002,MAINE ET LOIRE,BRUNO MEGRET,1.82,0.0,Extrême droite,4.470241318805868,0.0,7.928571428571429,157365,0,0
2002,MAYENNE,BRUNO MEGRET,1.6,0.0,Extrême droite,4.470241318805868,0.0,7.928571428571429,157365,0,0
2002,SARTHE,BRUNO MEGRET,2.06,0.0,Extrême droite,4.470241318805868,0.0,7.928571428571429,157365,0,0
2002,VENDEE,BRUNO MEGRET,1.6,0.0,Extrême droite,4.470241318805868,0.0,7.928571428571429,157365,0,0
2002,LOIRE ATLANTIQUE,CORINNE LEPAGE,2.51,0.0,Centre,4.470241318805868,0.0,7.928571428571429,157365,0,0
2002,MAINE ET LOIRE,CORINNE LEPAGE,2.29,0.0,Centre,4.470241318805868,0.0,7.928571428571429,157365,0,0
2002,MAYENNE,CORINNE LEPAGE,2.22,0.0,Centre,4.470241318805868,0.0,7.928571428571429,157365,0,0
2002,SARTHE,CORINNE LEPAGE,2.03,0.0,Centre,4.470241318805868,0.0,7.928571428571429,157365,0,0
2002,VENDEE,CORINNE LEPAGE,2.27,0.0,Centre,4.470241318805868,0.0,7.928571428571429,157365,0,0
2002,LOIRE ATLANTIQUE,DANIEL GLUCKSTEIN,0.57,0.0,Extrême gauche,4.470241318805868,0.0,7.928571428571429,157365,0,0
2002,MAINE ET LOIRE,DANIEL GLUCKSTEIN,0.54,0.0,Extrême gauche,4.470241318805868,0.0,7.928571428571429,157365,0,0
2002,MAYENNE,DANIEL GLUCKSTEIN,0.57,0.0,Extrême gauche,4.470241318805868,0.0,7.928571428571429,157365,0,0
2002,SARTHE,DANIEL GLUCKSTEIN,0.62,0.0,Extrême gauche,4.470241318805868,0.0,7.928571428571429,157365,0,0
2002,VENDEE,DANIEL GLUCKSTEIN,0.48,0.0,Extrême gauche,4.470241318805868,0.0,7.928571428571429,157365,0,0
2002,LOIRE ATLANTIQUE,FRANCOIS BAYROU,7.9,0.0,Droite,4.470241318805868,0.0,7.928571428571429,157365,0,0
2002,MAINE ET LOIRE,FRANCOIS BAYROU,9.95,0.0,Droite,4.470241318805868,0.0,7.928571428571429,157365,0,0
2002,MAYENNE,FRANCOIS BAYROU,8.43,0.0,Droite,4.470241318805868,0.0,7.928571428571429,157365,0,0
2002,SARTHE,FRANCOIS BAYROU,6.24,0.0,Droite,4.470241318805868,0.0,7.928571428571429,157365,0,0
2002,VENDEE,FRANCOIS BAYROU,8.35,0.0,Droite,4.470241318805868,0.0,7.928571428571429,157365,0,0
2002,LOIRE ATLANTIQUE,JACQUES CHIRAC,18.77,88.83,Droite,4.470241318805868,0.0,7.928571428571429,157365,1,1
2002,MAINE ET LOIRE,JACQUES CHIRAC,22.1,87.93,Droite,4.470241318805868,0.0,7.928571428571429,157365,1,1
2002,MAYENNE,JACQUES CHIRAC,25.82,88.59,Droite,4.470241318805868,0.0,7.928571428571429,157365,1,1
2002,SARTHE,JACQUES CHIRAC,21.27,84.43,Droite,4.470241318805868,0.0,7.928571428571429,157365,1,1
2002,VENDEE,JACQUES CHIRAC,24.93,87.81,Droite,4.470241318805868,0.0,7.928571428571429,157365,1,1
2002,LOIRE ATLANTIQUE,JEAN-MARIE LE PEN,11.55,11.17,Extrême droite,4.470241318805868,0.0,7.928571428571429,157365,0,0
2002,MAINE ET LOIRE,JEAN-MARIE LE PEN,11.67,12.07,Extrême droite,4.470241318805868,0.0,7.928571428571429,157365,0,0
2002,MAYENNE,JEAN-MARIE LE PEN,11.87,11.41,Extrême droite,4.470241318805868,0.0,7.928571428571429,157365,0,0
2002,SARTHE,JEAN-MARIE LE PEN,15.01,15.57,Extrême droite,4.470241318805868,0.0,7.928571428571429,157365,0,0
2002,VENDEE,JEAN-MARIE LE PEN,11.75,12.19,Extrême droite,4.470241318805868,0.0,7.928571428571429,157365,0,0
2002,LOIRE ATLANTIQUE,CHRISTIANE TAUBIRA,2.25,0.0,Gauche,4.470241318805868,0.0,7.928571428571429,157365,0,0
2002,MAINE ET LOIRE,CHRISTIANE TAUBIRA,2.08,0.0,Gauche,4.470241318805868,0.0,7.928571428571429,157365,0,0
2002,MAYENNE,CHRISTIANE TAUBIRA,1.85,0.0,Gauche,4.470241318805868,0.0,7.928571428571429,157365,0,0
2002,SARTHE,CHRISTIANE TAUBIRA,1.75,0.0,Gauche,4.470241318805868,0.0,7.928571428571429,157365,0,0
2002,VENDEE,CHRISTIANE TAUBIRA,1.83,0.0,Gauche,4.470241318805868,0.0,7.928571428571429,157365,0,0
2002,LOIRE ATLANTIQUE,JEAN SAINT-JOSSE,4.52,0.0,Droite,4.470241318805868,0.0,7.928571428571429,157365,0,0
2002,MAINE ET LOIRE,JEAN SAINT-JOSSE,4.53,0.0,Droite,4.470241318805868,0.0,7.928571428571429,157365,0,0
2002,MAYENNE,JEAN SAINT-JOSSE,3.79,0.0,Droite,4.470241318805868,0.0,7.928571428571429,157365,0,0
2002,SARTHE,JEAN SAINT-JOSSE,3.66,0.0,Droite,4.470241318805868,0.0,7.928571428571429,157365,0,0
2002,VENDEE,JEAN SAINT-JOSSE,6.45,0.0,Droite,4.470241318805868,0.0,7.928571428571429,157365,0,0
2002,LOIRE ATLANTIQUE,NOEL MAMERE,7.07,0.0,Gauche,4.470241318805868,0.0,7.928571428571429,157365,0,0
2002,MAINE ET LOIRE,NOEL MAMERE,6.2,0.0,Gauche,4.470241318805868,0.0,7.928571428571429,157365,0,0
2002,MAYENNE,NOEL MAMERE,5.72,0.0,Gauche,4.470241318805868,0.0,7.928571428571429,157365,0,0
2002,SARTHE,NOEL MAMERE,5.33,0.0,Gauche,4.470241318805868,0.0,7.928571428571429,157365,0,0
2002,VENDEE,NOEL MAMERE,5.14,0.0,Gauche,4.470241318805868,0.0,7.928571428571429,157365,0,0
2002,LOIRE ATLANTIQUE,LIONEL JOSPIN,17.97,0.0,Gauche,4.470241318805868,0.0,7.928571428571429,157365,0,0
2002,MAINE ET LOIRE,LIONEL JOSPIN,15.0,0.0,Gauche,4.470241318805868,0.0,7.928571428571429,157365,0,0
2002,MAYENNE,LIONEL JOSPIN,14.4,0.0,Gauche,4.470241318805868,0.0,7.928571428571429,157365,0,0
2002,SARTHE,LIONEL JOSPIN,16.65,0.0,Gauche,4.470241318805868,0.0,7.928571428571429,157365,0,0
2002,VENDEE,LIONEL JOSPIN,14.76,0.0,Gauche,4.470241318805868,0.0,7.928571428571429,157365,0,0
2002,LOIRE ATLANTIQUE,CHRISTINE BOUTIN,1.87,0.0,Droite,4.470241318805868,0.0,7.928571428571429,157365,0,0
2002,MAINE ET LOIRE,CHRISTINE BOUTIN,2.22,0.0,Droite,4.470241318805868,0.0,7.928571428571429,157365,0,0
2002,MAYENNE,CHRISTINE BOUTIN,2.59,0.0,Droite,4.470241318805868,0.0,7.928571428571429,157365,0,0
2002,SARTHE,CHRISTINE BOUTIN,1.27,0.0,Droite,4.470241318805868,0.0,7.928571428571429,157365,0,0
2002,VENDEE,CHRISTINE BOUTIN,2.06,0.0,Droite,4.470241318805868,0.0,7.928571428571429,157365,0,0
2002,LOIRE ATLANTIQUE,ROBERT HUE,2.48,0.0,Gauche,4.470241318805868,0.0,7.928571428571429,157365,0,0
2002,MAINE ET LOIRE,ROBERT HUE,1.91,0.0,Gauche,4.470241318805868,0.0,7.928571428571429,157365,0,0
2002,MAYENNE,ROBERT HUE,1.56,0.0,Gauche,4.470241318805868,0.0,7.928571428571429,157365,0,0
2002,SARTHE,ROBERT HUE,3.3,0.0,Gauche,4.470241318805868,0.0,7.928571428571429,157365,0,0
2002,VENDEE,ROBERT HUE,1.83,0.0,Gauche,4.470241318805868,0.0,7.928571428571429,157365,0,0
2002,LOIRE ATLANTIQUE,JEAN-PIERRE CHEVENEMENT,5.08,0.0,Gauche,4.470241318805868,0.0,7.928571428571429,157365,0,0
2002,MAINE ET LOIRE,JEAN-PIERRE CHEVENEMENT,4.35,0.0,Gauche,4.470241318805868,0.0,7.928571428571429,157365,0,0
2002,MAYENNE,JEAN-PIERRE CHEVENEMENT,3.93,0.0,Gauche,4.470241318805868,0.0,7.928571428571429,157365,0,0
2002,SARTHE,JEAN-PIERRE CHEVENEMENT,4.69,0.0,Gauche,4.470241318805868,0.0,7.928571428571429,157365,0,0
2002,VENDEE,JEAN-PIERRE CHEVENEMENT,3.85,0.0,Gauche,4.470241318805868,0.0,7.928571428571429,157365,0,0
2002,LOIRE ATLANTIQUE,ALAIN MADELIN,4.17,0.0,Extrême droite,4.470241318805868,0.0,7.928571428571429,157365,0,0
2002,MAINE ET LOIRE,ALAIN MADELIN,4.6,0.0,Extrême droite,4.470241318805868,0.0,7.928571428571429,157365,0,0
2002,MAYENNE,ALAIN MADELIN,4.86,0.0,Extrême droite,4.470241318805868,0.0,7.928571428571429,157365,0,0
2002,SARTHE,ALAIN MADELIN,3.63,0.0,Extrême droite,4.470241318805868,0.0,7.928571428571429,157365,0,0
2002,VENDEE,ALAIN MADELIN,4.62,0.0,Extrême droite,4.470241318805868,0.0,7.928571428571429,157365,0,0
2002,LOIRE ATLANTIQUE,ARLETTE LAGUILLER,6.31,0.0,Extrême gauche,4.470241318805868,0.0,7.928571428571429,157365,0,0
2002,MAINE ET LOIRE,ARLETTE LAGUILLER,5.99,0.0,Extrême gauche,4.470241318805868,0.0,7.928571428571429,157365,0,0
2002,MAYENNE,ARLETTE LAGUILLER,5.5,0.0,Extrême gauche,4.470241318805868,0.0,7.928571428571429,157365,0,0
2002,SARTHE,ARLETTE LAGUILLER,7.36,0.0,Extrême gauche,4.470241318805868,0.0,7.928571428571429,157365,0,0
2002,VENDEE,ARLETTE LAGUILLER,5.66,0.0,Extrême gauche,4.470241318805868,0.0,7.928571428571429,157365,0,0
2002,LOIRE ATLANTIQUE,OLIVIER BESANCENOT,5.48,0.0,Extrême gauche,4.470241318805868,0.0,7.928571428571429,157365,0,0
2002,MAINE ET LOIRE,OLIVIER BESANCENOT,4.73,0.0,Extrême gauche,4.470241318805868,0.0,7.928571428571429,157365,0,0
2002,MAYENNE,OLIVIER BESANCENOT,5.3,0.0,Extrême gauche,4.470241318805868,0.0,7.928571428571429,157365,0,0
2002,SARTHE,OLIVIER BESANCENOT,5.14,0.0,Extrême gauche,4.470241318805868,0.0,7.928571428571429,157365,0,0
2002,VENDEE,OLIVIER BESANCENOT,4.41,0.0,Extrême gauche,4.470241318805868,0.0,7.928571428571429,157365,0,0
2007,LOIRE ATLANTIQUE,Olivier BESANCENOT,4.38,0.0,Extrême gauche,2.512164799999983,0.0,7.030000000000001,111304,0,0
2007,MAINE ET LOIRE,Olivier BESANCENOT,4.23,0.0,Extrême gauche,2.512164799999983,0.0,7.030000000000001,111304,0,0
2007,MAYENNE,Olivier BESANCENOT,4.11,0.0,Extrême gauche,2.512164799999983,0.0,7.030000000000001,111304,0,0
2007,SARTHE,Olivier BESANCENOT,5.35,0.0,Extrême gauche,2.512164799999983,0.0,7.030000000000001,111304,0,0
2007,VENDEE,Olivier BESANCENOT,3.64,0.0,Extrême gauche,2.512164799999983,0.0,7.030000000000001,111304,0,0
2007,LOIRE ATLANTIQUE,Marie-George BUFFET,1.39,0.0,Gauche,2.512164799999983,0.0,7.030000000000001,111304,0,0
2007,MAINE ET LOIRE,Marie-George BUFFET,1.05,0.0,Gauche,2.512164799999983,0.0,7.030000000000001,111304,0,0
2007,MAYENNE,Marie-George BUFFET,0.89,0.0,Gauche,2.512164799999983,0.0,7.030000000000001,111304,0,0
2007,SARTHE,Marie-George BUFFET,1.73,0.0,Gauche,2.512164799999983,0.0,7.030000000000001,111304,0,0
2007,VENDEE,Marie-George BUFFET,0.91,0.0,Gauche,2.512164799999983,0.0,7.030000000000001,111304,0,0
2007,LOIRE ATLANTIQUE,Gérard SCHIVARDI,0.28,0.0,Extrême gauche,2.512164799999983,0.0,7.030000000000001,111304,0,0
2007,MAINE ET LOIRE,Gérard SCHIVARDI,0.31,0.0,Extrême gauche,2.512164799999983,0.0,7.030000000000001,111304,0,0
2007,MAYENNE,Gérard SCHIVARDI,0.27,0.0,Extrême gauche,2.512164799999983,0.0,7.030000000000001,111304,0,0
2007,SARTHE,Gérard SCHIVARDI,0.37,0.0,Extrême gauche,2.512164799999983,0.0,7.030000000000001,111304,0,0
2007,VENDEE,Gérard SCHIVARDI,0.27,0.0,Extrême gauche,2.512164799999983,0.0,7.030000000000001,111304,0,0
2007,LOIRE ATLANTIQUE,François BAYROU,20.82,0.0,Droite,2.512164799999983,0.0,7.030000000000001,111304,0,0
2007,MAINE ET LOIRE,François BAYROU,23.2,0.0,Droite,2.512164799999983,0.0,7.030000000000001,111304,0,0
2007,MAYENNE,François BAYROU,23.59,0.0,Droite,2.512164799999983,0.0,7.030000000000001,111304,0,0
2007,SARTHE,François BAYROU,18.33,0.0,Droite,2.512164799999983,0.0,7.030000000000001,111304,0,0
2007,VENDEE,François BAYROU,20.77,0.0,Droite,2.512164799999983,0.0,7.030000000000001,111304,0,0
2007,LOIRE ATLANTIQUE,José BOVÉ,1.29,0.0,Gauche,2.512164799999983,0.0,7.030000000000001,111304,0,0
2007,MAINE ET LOIRE,José BOVÉ,1.16,0.0,Gauche,2.512164799999983,0.0,7.030000000000001,111304,0,0
2007,MAYENNE,José BOVÉ,1.33,0.0,Gauche,2.512164799999983,0.0,7.030000000000001,111304,0,0
2007,SARTHE,José BOVÉ,1.31,0.0,Gauche,2.512164799999983,0.0,7.030000000000001,111304,0,0
2007,VENDEE,José BOVÉ,0.88,0.0,Gauche,2.512164799999983,0.0,7.030000000000001,111304,0,0
2007,LOIRE ATLANTIQUE,Dominique VOYNET,1.9,0.0,Gauche,2.512164799999983,0.0,7.030000000000001,111304,0,0
2007,MAINE ET LOIRE,Dominique VOYNET,1.86,0.0,Gauche,2.512164799999983,0.0,7.030000000000001,111304,0,0
2007,MAYENNE,Dominique VOYNET,1.88,0.0,Gauche,2.512164799999983,0.0,7.030000000000001,111304,0,0
2007,SARTHE,Dominique VOYNET,1.67,0.0,Gauche,2.512164799999983,0.0,7.030000000000001,111304,0,0
2007,VENDEE,Dominique VOYNET,1.63,0.0,Gauche,2.512164799999983,0.0,7.030000000000001,111304,0,0
2007,LOIRE ATLANTIQUE,Philippe de VILLIERS,3.12,0.0,Droite,2.512164799999983,0.0,7.030000000000001,111304,0,0
2007,MAINE ET LOIRE,Philippe de VILLIERS,4.37,0.0,Droite,2.512164799999983,0.0,7.030000000000001,111304,0,0
2007,MAYENNE,Philippe de VILLIERS,3.19,0.0,Droite,2.512164799999983,0.0,7.030000000000001,111304,0,0
2007,SARTHE,Philippe de VILLIERS,3.64,0.0,Droite,2.512164799999983,0.0,7.030000000000001,111304,0,0
2007,VENDEE,Philippe de VILLIERS,11.28,0.0,Droite,2.512164799999983,0.0,7.030000000000001,111304,0,0
2007,LOIRE ATLANTIQUE,Ségolène ROYAL,29.77,52.85,Gauche,2.512164799999983,0.0,7.030000000000001,111304,1,1
2007,MAINE ET LOIRE,Ségolène ROYAL,23.24,45.85,Gauche,2.512164799999983,0.0,7.030000000000001,111304,0,0
2007,MAYENNE,Ségolène ROYAL,22.63,44.55,Gauche,2.512164799999983,0.0,7.030000000000001,111304,0,0
2007,SARTHE,Ségolène ROYAL,25.48,49.58,Gauche,2.512164799999983,0.0,7.030000000000001,111304,0,0
2007,VENDEE,Ségolène ROYAL,21.67,42.94,Gauche,2.512164799999983,0.0,7.030000000000001,111304,0,0
2007,LOIRE ATLANTIQUE,Frédéric NIHOUS,1.23,0.0,Droite,2.512164799999983,0.0,7.030000000000001,111304,0,0
2007,MAINE ET LOIRE,Frédéric NIHOUS,1.12,0.0,Droite,2.512164799999983,0.0,7.030000000000001,111304,0,0
2007,MAYENNE,Frédéric NIHOUS,1.15,0.0,Droite,2.512164799999983,0.0,7.030000000000001,111304,0,0
2007,SARTHE,Frédéric NIHOUS,0.98,0.0,Droite,2.512164799999983,0.0,7.030000000000001,111304,0,0
2007,VENDEE,Frédéric NIHOUS,1.62,0.0,Droite,2.512164799999983,0.0,7.030000000000001,111304,0,0
2007,LOIRE ATLANTIQUE,Jean-Marie LE PEN,6.56,0.0,Extrême droite,2.512164799999983,0.0,7.030000000000001,111304,0,0
2007,MAINE ET LOIRE,Jean-Marie LE PEN,7.12,0.0,Extrême droite,2.512164799999983,0.0,7.030000000000001,111304,0,0
2007,MAYENNE,Jean-Marie LE PEN,7.56,0.0,Extrême droite,2.512164799999983,0.0,7.030000000000001,111304,0,0
2007,SARTHE,Jean-Marie LE PEN,10.48,0.0,Extrême droite,2.512164799999983,0.0,7.030000000000001,111304,0,0
2007,VENDEE,Jean-Marie LE PEN,6.46,0.0,Extrême droite,2.512164799999983,0.0,7.030000000000001,111304,0,0
2007,LOIRE ATLANTIQUE,Arlette LAGUILLER,1.25,0.0,Extrême gauche,2.512164799999983,0.0,7.030000000000001,111304,0,0
2007,MAINE ET LOIRE,Arlette LAGUILLER,1.38,0.0,Extrême gauche,2.512164799999983,0.0,7.030000000000001,111304,0,0
2007,MAYENNE,Arlette LAGUILLER,1.27,0.0,Extrême gauche,2.512164799999983,0.0,7.030000000000001,111304,0,0
2007,SARTHE,Arlette LAGUILLER,1.64,0.0,Extrême gauche,2.512164799999983,0.0,7.030000000000001,111304,0,0
2007,VENDEE,Arlette LAGUILLER,1.14,0.0,Extrême gauche,2.512164799999983,0.0,7.030000000000001,111304,0,0
2007,LOIRE ATLANTIQUE,Nicolas SARKOZY,28.01,47.15,Droite,2.512164799999983,0.0,7.030000000000001,111304,0,0
2007,MAINE ET LOIRE,Nicolas SARKOZY,30.97,54.15,Droite,2.512164799999983,0.0,7.030000000000001,111304,1,1
2007,MAYENNE,Nicolas SARKOZY,32.12,55.45,Droite,2.512164799999983,0.0,7.030000000000001,111304,1,1
2007,SARTHE,Nicolas SARKOZY,29.02,50.42,Droite,2.512164799999983,0.0,7.030000000000001,111304,1,1
2007,VENDEE,Nicolas SARKOZY,29.72,57.06,Droite,2.512164799999983,0.0,7.030000000000001,111304,1,1
2012,LOIRE ATLANTIQUE,Eva JOLY,3.15,0.0,Gauche,2.1092656061319603,0.0,7.495,159835,0,0
2012,MAINE ET LOIRE,Eva JOLY,2.36,0.0,Gauche,2.1092656061319603,0.0,7.495,159835,0,0
2012,MAYENNE,Eva JOLY,2.12,0.0,Gauche,2.1092656061319603,0.0,7.495,159835,0,0
2012,SARTHE,Eva JOLY,1.89,0.0,Gauche,2.1092656061319603,0.0,7.495,159835,0,0
2012,VENDEE,Eva JOLY,1.88,0.0,Gauche,2.1092656061319603,0.0,7.495,159835,0,0
2012,LOIRE ATLANTIQUE,Marine LE PEN,12.18,0.0,Extrême droite,2.1092656061319603,0.0,7.495,159835,0,0
2012,MAINE ET LOIRE,Marine LE PEN,13.88,0.0,Extrême droite,2.1092656061319603,0.0,7.495,159835,0,0
2012,MAYENNE,Marine LE PEN,14.77,0.0,Extrême droite,2.1092656061319603,0.0,7.495,159835,0,0
2012,SARTHE,Marine LE PEN,19.17,0.0,Extrême droite,2.1092656061319603,0.0,7.495,159835,0,0
2012,VENDEE,Marine LE PEN,15.18,0.0,Extrême droite,2.1092656061319603,0.0,7.495,159835,0,0
2012,LOIRE ATLANTIQUE,Nicolas SARKOZY,26.07,43.65,Droite,2.1092656061319603,0.0,7.495,159835,0,0
2012,MAINE ET LOIRE,Nicolas SARKOZY,29.93,51.15,Droite,2.1092656061319603,0.0,7.495,159835,1,1
2012,MAYENNE,Nicolas SARKOZY,30.69,53.07,Droite,2.1092656061319603,0.0,7.495,159835,1,1
2012,SARTHE,Nicolas SARKOZY,26.43,47.33,Droite,2.1092656061319603,0.0,7.495,159835,0,0
2012,VENDEE,Nicolas SARKOZY,32.89,55.6,Droite,2.1092656061319603,0.0,7.495,159835,1,1
2012,LOIRE ATLANTIQUE,Jean-Luc MÉLENCHON,11.65,0.0,Extrême gauche,2.1092656061319603,0.0,7.495,159835,0,0
2012,MAINE ET LOIRE,Jean-Luc MÉLENCHON,9.35,0.0,Extrême gauche,2.1092656061319603,0.0,7.495,159835,0,0
2012,MAYENNE,Jean-Luc MÉLENCHON,8.3,0.0,Extrême gauche,2.1092656061319603,0.0,7.495,159835,0,0
2012,SARTHE,Jean-Luc MÉLENCHON,10.78,0.0,Extrême gauche,2.1092656061319603,0.0,7.495,159835,0,0
2012,VENDEE,Jean-Luc MÉLENCHON,8.46,0.0,Extrême gauche,2.1092656061319603,0.0,7.495,159835,0,0
2012,LOIRE ATLANTIQUE,Philippe POUTOU,1.25,0.0,Extrême gauche,2.1092656061319603,0.0,7.495,159835,0,0
2012,MAINE ET LOIRE,Philippe POUTOU,1.39,0.0,Extrême gauche,2.1092656061319603,0.0,7.495,159835,0,0
2012,MAYENNE,Philippe POUTOU,1.31,0.0,Extrême gauche,2.1092656061319603,0.0,7.495,159835,0,0
2012,SARTHE,Philippe POUTOU,1.34,0.0,Extrême gauche,2.1092656061319603,0.0,7.495,159835,0,0
2012,VENDEE,Philippe POUTOU,1.45,0.0,Extrême gauche,2.1092656061319603,0.0,7.495,159835,0,0
2012,LOIRE ATLANTIQUE,Nathalie ARTHAUD,0.58,0.0,Extrême gauche,2.1092656061319603,0.0,7.495,159835,0,0
2012,MAINE ET LOIRE,Nathalie ARTHAUD,0.75,0.0,Extrême gauche,2.1092656061319603,0.0,7.495,159835,0,0
2012,MAYENNE,Nathalie ARTHAUD,0.78,0.0,Extrême gauche,2.1092656061319603,0.0,7.495,159835,0,0
2012,SARTHE,Nathalie ARTHAUD,0.75,0.0,Extrême gauche,2.1092656061319603,0.0,7.495,159835,0,0
2012,VENDEE,Nathalie ARTHAUD,0.63,0.0,Extrême gauche,2.1092656061319603,0.0,7.495,159835,0,0
2012,LOIRE ATLANTIQUE,Jacques CHEMINADE,0.23,0.0,Gauche,2.1092656061319603,0.0,7.495,159835,0,0
2012,MAINE ET LOIRE,Jacques CHEMINADE,0.26,0.0,Gauche,2.1092656061319603,0.0,7.495,159835,0,0
2012,MAYENNE,Jacques CHEMINADE,0.23,0.0,Gauche,2.1092656061319603,0.0,7.495,159835,0,0
2012,SARTHE,Jacques CHEMINADE,0.23,0.0,Gauche,2.1092656061319603,0.0,7.495,159835,0,0
2012,VENDEE,Jacques CHEMINADE,0.24,0.0,Gauche,2.1092656061319603,0.0,7.495,159835,0,0
2012,LOIRE ATLANTIQUE,François BAYROU,11.3,0.0,Droite,2.1092656061319603,0.0,7.495,159835,0,0
2012,MAINE ET LOIRE,François BAYROU,12.77,0.0,Droite,2.1092656061319603,0.0,7.495,159835,0,0
2012,MAYENNE,François BAYROU,13.78,0.0,Droite,2.1092656061319603,0.0,7.495,159835,0,0
2012,SARTHE,François BAYROU,9.14,0.0,Droite,2.1092656061319603,0.0,7.495,159835,0,0
2012,VENDEE,François BAYROU,12.13,0.0,Droite,2.1092656061319603,0.0,7.495,159835,0,0
2012,LOIRE ATLANTIQUE,Nicolas DUPONT-AIGNAN,1.84,0.0,Droite,2.1092656061319603,0.0,7.495,159835,0,0
2012,MAINE ET LOIRE,Nicolas DUPONT-AIGNAN,2.21,0.0,Droite,2.1092656061319603,0.0,7.495,159835,0,0
2012,MAYENNE,Nicolas DUPONT-AIGNAN,2.14,0.0,Droite,2.1092656061319603,0.0,7.495,159835,0,0
2012,SARTHE,Nicolas DUPONT-AIGNAN,2.15,0.0,Droite,2.1092656061319603,0.0,7.495,159835,0,0
2012,VENDEE,Nicolas DUPONT-AIGNAN,2.33,0.0,Droite,2.1092656061319603,0.0,7.495,159835,0,0
2012,LOIRE ATLANTIQUE,François HOLLANDE,31.76,56.35,Gauche,2.1092656061319603,0.0,7.495,159835,1,1
2012,MAINE ET LOIRE,François HOLLANDE,27.1,48.85,Gauche,2.1092656061319603,0.0,7.495,159835,0,0
2012,MAYENNE,François HOLLANDE,25.87,46.93,Gauche,2.1092656061319603,0.0,7.495,159835,0,0
2012,SARTHE,François HOLLANDE,28.13,52.67,Gauche,2.1092656061319603,0.0,7.495,159835,1,1
2012,VENDEE,François HOLLANDE,24.81,44.4,Gauche,2.1092656061319603,0.0,7.495,159835,0,0
2017,LOIRE ATLANTIQUE,Emmanuel MACRON,28.66,77.17,Centre,2.927589538241593,5.35,8.545,175772,1,1
2017,MAINE ET LOIRE,Emmanuel MACRON,26.51,72.82,Centre,2.927589538241593,5.35,8.545,175772,1,1
2017,MAYENNE,François FILLON,27.06,0.0,Droite,2.927589538241593,5.35,8.545,175772,1,0
2017,SARTHE,François FILLON,28.61,0.0,Droite,2.927589538241593,5.35,8.545,175772,1,0
2017,VENDEE,Emmanuel MACRON,26.26,69.96,Centre,2.927589538241593,5.35,8.545,175772,1,1
2017,LOIRE ATLANTIQUE,Jean-Luc MÉLENCHON,21.98,0.0,Extrême gauche,2.927589538241593,5.35,8.545,175772,0,0
2017,MAINE ET LOIRE,François FILLON,23.73,0.0,Droite,2.927589538241593,5.35,8.545,175772,0,0
2017,MAYENNE,Emmanuel MACRON,26.04,72.02,Centre,2.927589538241593,5.35,8.545,175772,0,1
2017,SARTHE,Marine LE PEN,20.8,36.67,Extrême droite,2.927589538241593,5.35,8.545,175772,0,0
2017,VENDEE,François FILLON,25.5,0.0,Droite,2.927589538241593,5.35,8.545,175772,0,0
2017,LOIRE ATLANTIQUE,François FILLON,19.68,0.0,Droite,2.927589538241593,5.35,8.545,175772,0,0
2017,MAINE ET LOIRE,Jean-Luc MÉLENCHON,17.06,0.0,Extrême gauche,2.927589538241593,5.35,8.545,175772,0,0
2017,MAYENNE,Marine LE PEN,16.9,27.98,Extrême droite,2.927589538241593,5.35,8.545,175772,0,0
2017,SARTHE,Emmanuel MACRON,20.04,63.33,Centre,2.927589538241593,5.35,8.545,175772,0,1
2017,VENDEE,Marine LE PEN,18.53,30.04,Extrême droite,2.927589538241593,5.35,8.545,175772,0,0
2017,LOIRE ATLANTIQUE,Marine LE PEN,13.7,22.83,Extrême droite,2.927589538241593,5.35,8.545,175772,0,0
2017,MAINE ET LOIRE,Marine LE PEN,16.98,27.18,Extrême droite,2.927589538241593,5.35,8.545,175772,0,0
2017,MAYENNE,Jean-Luc MÉLENCHON,14.87,0.0,Extrême gauche,2.927589538241593,5.35,8.545,175772,0,0
2017,SARTHE,Jean-Luc MÉLENCHON,17.63,0.0,Extrême gauche,2.927589538241593,5.35,8.545,175772,0,0
2017,VENDEE,Jean-Luc MÉLENCHON,15.08,0.0,Extrême gauche,2.927589538241593,5.35,8.545,175772,0,0
2017,LOIRE ATLANTIQUE,Benoît HAMON,8.03,0.0,Gauche,2.927589538241593,5.35,8.545,175772,0,0
2017,MAINE ET LOIRE,Benoît HAMON,6.44,0.0,Gauche,2.927589538241593,5.35,8.545,175772,0,0
2017,MAYENNE,Benoît HAMON,5.69,0.0,Gauche,2.927589538241593,5.35,8.545,175772,0,0
2017,SARTHE,Benoît HAMON,5.33,0.0,Gauche,2.927589538241593,5.35,8.545,175772,0,0
2017,VENDEE,Nicolas DUPONT-AIGNAN,5.78,0.0,Droite,2.927589538241593,5.35,8.545,175772,0,0
2017,LOIRE ATLANTIQUE,Nicolas DUPONT-AIGNAN,4.5,0.0,Droite,2.927589538241593,5.35,8.545,175772,0,0
2017,MAINE ET LOIRE,Nicolas DUPONT-AIGNAN,5.52,0.0,Droite,2.927589538241593,5.35,8.545,175772,0,0
2017,MAYENNE,Nicolas DUPONT-AIGNAN,5.61,0.0,Droite,2.927589538241593,5.35,8.545,175772,0,0
2017,SARTHE,Nicolas DUPONT-AIGNAN,4.24,0.0,Droite,2.927589538241593,5.35,8.545,175772,0,0
2017,VENDEE,Benoît HAMON,5.1,0.0,Gauche,2.927589538241593,5.35,8.545,175772,0,0
2017,LOIRE ATLANTIQUE,Philippe POUTOU,1.19,0.0,Extrême gauche,2.927589538241593,5.35,8.545,175772,0,0
2017,MAINE ET LOIRE,Philippe POUTOU,1.24,0.0,Extrême gauche,2.927589538241593,5.35,8.545,175772,0,0
2017,MAYENNE,Philippe POUTOU,1.24,0.0,Extrême gauche,2.927589538241593,5.35,8.545,175772,0,0
2017,SARTHE,Philippe POUTOU,1.11,0.0,Extrême gauche,2.927589538241593,5.35,8.545,175772,0,0
2017,VENDEE,Philippe POUTOU,1.25,0.0,Extrême gauche,2.927589538241593,5.35,8.545,175772,0,0
2017,LOIRE ATLANTIQUE,François ASSELINEAU,0.76,0.0,Droite,2.927589538241593,5.35,8.545,175772,0,0
2017,MAINE ET LOIRE,Nathalie ARTHAUD,0.84,0.0,Extrême gauche,2.927589538241593,5.35,8.545,175772,0,0
2017,MAYENNE,Nathalie ARTHAUD,0.9,0.0,Extrême gauche,2.927589538241593,5.35,8.545,175772,0,0
2017,SARTHE,Nathalie ARTHAUD,0.76,0.0,Extrême gauche,2.927589538241593,5.35,8.545,175772,0,0
2017,VENDEE,Jean LASSALLE,0.91,0.0,Centre,2.927589538241593,5.35,8.545,175772,0,0
2017,LOIRE ATLANTIQUE,Jean LASSALLE,0.74,0.0,Centre,2.927589538241593,5.35,8.545,175772,0,0
2017,MAINE ET LOIRE,Jean LASSALLE,0.76,0.0,Centre,2.927589538241593,5.35,8.545,175772,0,0
2017,MAYENNE,Jean LASSALLE,0.85,0.0,Centre,2.927589538241593,5.35,8.545,175772,0,0
2017,SARTHE,Jean LASSALLE,0.66,0.0,Centre,2.927589538241593,5.35,8.545,175772,0,0
2017,VENDEE,Nathalie ARTHAUD,0.79,0.0,Extrême gauche,2.927589538241593,5.35,8.545,175772,0,0
2017,LOIRE ATLANTIQUE,Nathalie ARTHAUD,0.59,0.0,Extrême gauche,2.927589538241593,5.35,8.545,175772,0,0
2017,MAINE ET LOIRE,François ASSELINEAU,0.75,0.0,Droite,2.927589538241593,5.35,8.545,175772,0,0
2017,MAYENNE,François ASSELINEAU,0.66,0.0,Droite,2.927589538241593,5.35,8.545,175772,0,0
2017,SARTHE,François ASSELINEAU,0.64,0.0,Droite,2.927589538241593,5.35,8.545,175772,0,0
2017,VENDEE,François ASSELINEAU,0.65,0.0,Droite,2.927589538241593,5.35,8.545,175772,0,0
2017,LOIRE ATLANTIQUE,Jacques CHEMINADE,0.17,0.0,Gauche,2.927589538241593,5.35,8.545,175772,0,0
2017,MAINE ET LOIRE,Jacques CHEMINADE,0.18,0.0,Gauche,2.927589538241593,5.35,8.545,175772,0,0
2017,MAYENNE,Jacques CHEMINADE,0.18,0.0,Gauche,2.927589538241593,5.35,8.545,175772,0,0
2017,SARTHE,Jacques CHEMINADE,0.17,0.0,Gauche,2.927589538241593,5.35,8.545,175772,0,0
2017,VENDEE,Jacques CHEMINADE,0.17,0.0,Gauche,2.927589538241593,5.35,8.545,175772,0,0
2022,LOIRE ATLANTIQUE,Nathalie ARTHAUD,0.59,0.0,Extrême gauche,-0.8228135656000113,5.419999999999999,6.785000000000001,107904,0,0
2022,MAINE ET LOIRE,Nathalie ARTHAUD,0.7,0.0,Extrême gauche,-0.8228135656000113,5.419999999999999,6.785000000000001,107904,0,0
2022,MAYENNE,Nathalie ARTHAUD,0.76,0.0,Extrême gauche,-0.8228135656000113,5.419999999999999,6.785000000000001,107904,0,0
2022,SARTHE,Nathalie ARTHAUD,0.72,0.0,Extrême gauche,-0.8228135656000113,5.419999999999999,6.785000000000001,107904,0,0
2022,VENDEE,Nathalie ARTHAUD,0.63,0.0,Extrême gauche,-0.8228135656000113,5.419999999999999,6.785000000000001,107904,0,0
2022,LOIRE ATLANTIQUE,Fabien ROUSSEL,2.28,0.0,Gauche,-0.8228135656000113,5.419999999999999,6.785000000000001,107904,0,0
2022,MAINE ET LOIRE,Fabien ROUSSEL,1.89,0.0,Gauche,-0.8228135656000113,5.419999999999999,6.785000000000001,107904,0,0
2022,MAYENNE,Fabien ROUSSEL,1.98,0.0,Gauche,-0.8228135656000113,5.419999999999999,6.785000000000001,107904,0,0
2022,SARTHE,Fabien ROUSSEL,2.33,0.0,Gauche,-0.8228135656000113,5.419999999999999,6.785000000000001,107904,0,0
2022,VENDEE,Fabien ROUSSEL,1.94,0.0,Gauche,-0.8228135656000113,5.419999999999999,6.785000000000001,107904,0,0
2022,LOIRE ATLANTIQUE,Emmanuel MACRON,31.98,69.48,Centre,-0.8228135656000113,5.419999999999999,6.785000000000001,107904,1,1
2022,MAINE ET LOIRE,Emmanuel MACRON,35.59,66.53,Centre,-0.8228135656000113,5.419999999999999,6.785000000000001,107904,1,1
2022,MAYENNE,Emmanuel MACRON,36.4,64.21,Centre,-0.8228135656000113,5.419999999999999,6.785000000000001,107904,1,1
2022,SARTHE,Emmanuel MACRON,28.24,55.41,Centre,-0.8228135656000113,5.419999999999999,6.785000000000001,107904,1,1
2022,VENDEE,Emmanuel MACRON,35.64,61.86,Centre,-0.8228135656000113,5.419999999999999,6.785000000000001,107904,1,1
2022,LOIRE ATLANTIQUE,Jean LASSALLE,2.28,0.0,Centre,-0.8228135656000113,5.419999999999999,6.785000000000001,107904,0,0
2022,MAINE ET LOIRE,Jean LASSALLE,2.5,0.0,Centre,-0.8228135656000113,5.419999999999999,6.785000000000001,107904,0,0
2022,MAYENNE,Jean LASSALLE,2.8,0.0,Centre,-0.8228135656000113,5.419999999999999,6.785000000000001,107904,0,0
2022,SARTHE,Jean LASSALLE,2.54,0.0,Centre,-0.8228135656000113,5.419999999999999,6.785000000000001,107904,0,0
2022,VENDEE,Jean LASSALLE,3.11,0.0,Centre,-0.8228135656000113,5.419999999999999,6.785000000000001,107904,0,0
2022,LOIRE ATLANTIQUE,Marine LE PEN,16.91,30.52,Extrême droite,-0.8228135656000113,5.419999999999999,6.785000000000001,107904,0,0
2022,MAINE ET LOIRE,Marine LE PEN,20.26,33.47,Extrême droite,-0.8228135656000113,5.419999999999999,6.785000000000001,107904,0,0
2022,MAYENNE,Marine LE PEN,22.39,35.79,Extrême droite,-0.8228135656000113,5.419999999999999,6.785000000000001,107904,0,0
2022,SARTHE,Marine LE PEN,27.68,44.59,Extrême droite,-0.8228135656000113,5.419999999999999,6.785000000000001,107904,0,0
2022,VENDEE,Marine LE PEN,23.18,38.14,Extrême droite,-0.8228135656000113,5.419999999999999,6.785000000000001,107904,0,0
2022,LOIRE ATLANTIQUE,Éric ZEMMOUR,5.33,0.0,Extrême droite,-0.8228135656000113,5.419999999999999,6.785000000000001,107904,0,0
2022,MAINE ET LOIRE,Éric ZEMMOUR,4.92,0.0,Extrême droite,-0.8228135656000113,5.419999999999999,6.785000000000001,107904,0,0
2022,MAYENNE,Éric ZEMMOUR,4.82,0.0,Extrême droite,-0.8228135656000113,5.419999999999999,6.785000000000001,107904,0,0
2022,SARTHE,Éric ZEMMOUR,5.46,0.0,Extrême droite,-0.8228135656000113,5.419999999999999,6.785000000000001,107904,0,0
2022,VENDEE,Éric ZEMMOUR,6.11,0.0,Extrême droite,-0.8228135656000113,5.419999999999999,6.785000000000001,107904,0,0
2022,LOIRE ATLANTIQUE,Jean-Luc MÉLENCHON,23.43,0.0,Extrême gauche,-0.8228135656000113,5.419999999999999,6.785000000000001,107904,0,0
2022,MAINE ET LOIRE,Jean-Luc MÉLENCHON,18.27,0.0,Extrême gauche,-0.8228135656000113,5.419999999999999,6.785000000000001,107904,0,0
2022,MAYENNE,Jean-Luc MÉLENCHON,15.34,0.0,Extrême gauche,-0.8228135656000113,5.419999999999999,6.785000000000001,107904,0,0
2022,SARTHE,Jean-Luc MÉLENCHON,18.26,0.0,Extrême gauche,-0.8228135656000113,5.419999999999999,6.785000000000001,107904,0,0
2022,VENDEE,Jean-Luc MÉLENCHON,14.42,0.0,Extrême gauche,-0.8228135656000113,5.419999999999999,6.785000000000001,107904,0,0
2022,LOIRE ATLANTIQUE,Anne HIDALGO,2.29,0.0,Gauche,-0.8228135656000113,5.419999999999999,6.785000000000001,107904,0,0
2022,MAINE ET LOIRE,Anne HIDALGO,1.99,0.0,Gauche,-0.8228135656000113,5.419999999999999,6.785000000000001,107904,0,0
2022,MAYENNE,Anne HIDALGO,2.08,0.0,Gauche,-0.8228135656000113,5.419999999999999,6.785000000000001,107904,0,0
2022,SARTHE,Anne HIDALGO,1.82,0.0,Gauche,-0.8228135656000113,5.419999999999999,6.785000000000001,107904,0,0
2022,VENDEE,Anne HIDALGO,1.73,0.0,Gauche,-0.8228135656000113,5.419999999999999,6.785000000000001,107904,0,0
2022,LOIRE ATLANTIQUE,Yannick JADOT,7.49,0.0,Gauche,-0.8228135656000113,5.419999999999999,6.785000000000001,107904,0,0
2022,MAINE ET LOIRE,Yannick JADOT,6.04,0.0,Gauche,-0.8228135656000113,5.419999999999999,6.785000000000001,107904,0,0
2022,MAYENNE,Yannick JADOT,4.75,0.0,Gauche,-0.8228135656000113,5.419999999999999,6.785000000000001,107904,0,0
2022,SARTHE,Yannick JADOT,4.56,0.0,Gauche,-0.8228135656000113,5.419999999999999,6.785000000000001,107904,0,0
2022,VENDEE,Yannick JADOT,4.71,0.0,Gauche,-0.8228135656000113,5.419999999999999,6.785000000000001,107904,0,0
2022,LOIRE ATLANTIQUE,Valérie PÉCRESSE,4.68,0.0,Droite,-0.8228135656000113,5.419999999999999,6.785000000000001,107904,0,0
2022,MAINE ET LOIRE,Valérie PÉCRESSE,4.88,0.0,Droite,-0.8228135656000113,5.419999999999999,6.785000000000001,107904,0,0
2022,MAYENNE,Valérie PÉCRESSE,5.53,0.0,Droite,-0.8228135656000113,5.419999999999999,6.785000000000001,107904,0,0
2022,SARTHE,Valérie PÉCRESSE,5.36,0.0,Droite,-0.8228135656000113,5.419999999999999,6.785000000000001,107904,0,0
2022,VENDEE,Valérie PÉCRESSE,5.37,0.0,Droite,-0.8228135656000113,5.419999999999999,6.785000000000001,107904,0,0
2022,LOIRE ATLANTIQUE,Philippe POUTOU,0.91,0.0,Extrême gauche,-0.8228135656000113,5.419999999999999,6.785000000000001,107904,0,0
2022,MAINE ET LOIRE,Philippe POUTOU,0.83,0.0,Extrême gauche,-0.8228135656000113,5.419999999999999,6.785000000000001,107904,0,0
2022,MAYENNE,Philippe POUTOU,0.82,0.0,Extrême gauche,-0.8228135656000113,5.419999999999999,6.785000000000001,107904,0,0
2022,SARTHE,Philippe POUTOU,0.84,0.0,Extrême gauche,-0.8228135656000113,5.419999999999999,6.785000000000001,107904,0,0
2022,VENDEE,Philippe POUTOU,0.86,0.0,Extrême gauche,-0.8228135656000113,5.419999999999999,6.785000000000001,107904,0,0
2022,LOIRE ATLANTIQUE,Nicolas DUPONT-AIGNAN,1.84,0.0,Droite,-0.8228135656000113,5.419999999999999,6.785000000000001,107904,0,0
2022,MAINE ET LOIRE,Nicolas DUPONT-AIGNAN,2.13,0.0,Droite,-0.8228135656000113,5.419999999999999,6.785000000000001,107904,0,0
2022,MAYENNE,Nicolas DUPONT-AIGNAN,2.31,0.0,Droite,-0.8228135656000113,5.419999999999999,6.785000000000001,107904,0,0
2022,SARTHE,Nicolas DUPONT-AIGNAN,2.19,0.0,Droite,-0.8228135656000113,5.419999999999999,6.785000000000001,107904,0,0
2022,VENDEE,Nicolas DUPONT-AIGNAN,2.3,0.0,Droite,-0.8228135656000113,5.419999999999999,6.785000000000001,107904,0,0
