﻿Démographie des entreprises en 2020;;;;;;;;;;
Région des Pays de la Loire (52);;;;;;;;;;
© Insee;;;;;;;;;;
;;;;;;;;;;
;;;;;;;;;;
DEN T1 - Créations d'entreprises par secteur d'activité en 2020;;;;;;;;;;
;Entreprises créées;;;;Dont entreprises individuelles;;;;;
;Nombre;%;Nombre;%;;;;;;
Ensemble;34826;100;25703;73,8;;;;;;
Industrie manufacturière, industries extractives  et autres;2179;6,3;1701;78,1;;;;;;
Construction;3074;8,8;1902;61,9;;;;;;
Commerce de gros et de détail, transports, hébergement et restauration;8889;25,5;6575;74;;;;;;
Information et communication;1690;4,9;1299;76,9;;;;;;
Activités financières et d'assurance;984;2,8;192;19,5;;;;;;
Activités immobilières;2124;6,1;1231;58;;;;;;
Activités spécialisées, scientifiques et techniques et activités de services administratifs et de soutien;7905;22,7;5491;69,5;;;;;;
Administration publique, enseignement, santé humaine et action sociale;3892;11,2;3571;91,8;;;;;;
Autres activités de services;4089;11,7;3741;91,5;;;;;;
;;;;;;;;;;
Champ : activités marchandes hors agriculture.;;;;;;;;;;
Source : Insee, Répertoire des entreprises et des établissements (Sirene) en géographie au 01/01/2021.;;;;;;;;;;
;;;;;;;;;;
;;;;;;;;;;
DEN G1 - Évolution des créations d'entreprises;;;;;;;;;;
;2011;2012;2013;2014;2015;2016;2017;2018;2019;2020
Ensemble;22344;22844;22168;22976;21556;21963;23098;26731;33058;34826
Entreprises individuelles;15426;16425;15842;16620;15135;14859;15290;18863;24005;25703
;;;;;;;;;;
Champ : activités marchandes hors agriculture.;;;;;;;;;;
Source : Insee, Répertoire des entreprises et des établissements (Sirene) en géographie au 01/01/2021.;;;;;;;;;;
;;;;;;;;;;
;;;;;;;;;;
DEN T3 - Nombre d'unités légales par secteur d'activité au 31 décembre 2019;;;;;;;;;;
;Nombre;%;;;;;;;;
Ensemble;233565;100;;;;;;;;
Industrie manufacturière, industries extractives  et autres;18163;7,8;;;;;;;;
Construction;29425;12,6;;;;;;;;
Commerce de gros et de détail, transports, hébergement et restauration;58499;25;;;;;;;;
Information et communication;7121;3;;;;;;;;
Activités financières et d'assurance;11322;4,8;;;;;;;;
Activités immobilières;11828;5,1;;;;;;;;
Activités spécialisées, scientifiques et techniques et activités de services administratifs et de soutien;41206;17,6;;;;;;;;
Administration publique, enseignement, santé humaine et action sociale;33634;14,4;;;;;;;;
Autres activités de services;22367;9,6;;;;;;;;
;;;;;;;;;;
Champ : activités marchandes hors agriculture.;;;;;;;;;;
Source : Insee, Répertoire des entreprises et des établissements (Sirene) en géographie au 01/01/2021.;;;;;;;;;;
;;;;;;;;;;
;;;;;;;;;;
DEN T4 - Créations d'établissements par secteur d'activité en 2020;;;;;;;;;;
;Ensemble;%;;;;;;;;
Ensemble;39514;100;;;;;;;;
Industrie manufacturière, industries extractives  et autres;3042;7,7;;;;;;;;
Construction;3432;8,7;;;;;;;;
Commerce de gros et de détail, transports, hébergement et restauration;10202;25,8;;;;;;;;
Information et communication;1845;4,7;;;;;;;;
Activités financières et d'assurance;1128;2,9;;;;;;;;
Activités immobilières;2382;6;;;;;;;;
Activités spécialisées, scientifiques et techniques et activités de services administratifs et de soutien;8696;22;;;;;;;;
Administration publique, enseignement, santé humaine et action sociale;4419;11,2;;;;;;;;
Autres activités de services;4368;11,1;;;;;;;;
;;;;;;;;;;
Champ : activités marchandes hors agriculture.;;;;;;;;;;
Source : Insee, Répertoire des entreprises et des établissements (Sirene) en géographie au 01/01/2021.;;;;;;;;;;
;;;;;;;;;;
;;;;;;;;;;
DEN G3 - Évolution des créations d'établissements;;;;;;;;;;
;2011;2012;2013;2014;2015;2016;2017;2018;2019;2020
Créations d'établissements;26127;27218;25775;26470;25148;25842;27672;30997;38154;39514
;;;;;;;;;;
Champ : activités marchandes hors agriculture.;;;;;;;;;;
Source : Insee, Répertoire des entreprises et des établissements (Sirene) en géographie au 01/01/2021.;;;;;;;;;;
;;;;;;;;;;
;;;;;;;;;;
DEN T5 - Nombre d'établissements par secteur d'activité au 31 décembre 2019;;;;;;;;;;
;Nombre;%;;;;;;;;
Ensemble;271758;100;;;;;;;;
Industrie manufacturière, industries extractives  et autres;23668;8,7;;;;;;;;
Construction;31470;11,6;;;;;;;;
Commerce de gros et de détail, transports, hébergement et restauration;72701;26,8;;;;;;;;
Information et communication;8064;3;;;;;;;;
Activités financières et d'assurance;14230;5,2;;;;;;;;
Activités immobilières;13692;5;;;;;;;;
Activités spécialisées, scientifiques et techniques et activités de services administratifs et de soutien;47013;17,3;;;;;;;;
Administration publique, enseignement, santé humaine et action sociale;37071;13,6;;;;;;;;
Autres activités de services;23849;8,8;;;;;;;;
;;;;;;;;;;
Champ : activités marchandes hors agriculture.;;;;;;;;;;
Source : Insee, Répertoire des entreprises et des établissements (Sirene) en géographie au 01/01/2021.;;;;;;;;;;
