"Libellé";"Emploi salarié en fin de trimestre - Industries manufacturières, industries extractives et autres (A5-BE) - Pays de la Loire";"Codes";"Emploi salarié en fin de trimestre - Tertiaire marchand (A5-GU) - Pays de la Loire";"Codes";"Emploi salarié en fin de trimestre - Secteurs principalement marchands non agricoles (SMNA) - Pays de la Loire";"Codes";"Emploi salarié en fin de trimestre - Construction (A5-FZ) - Pays de la Loire";"Codes";"Emploi salarié en fin de trimestre - Fabrication de denrées alimentaires, de boissons et de produits à base de tabac (A17-C1) - Pays de la Loire";"Codes";"Emploi salarié en fin de trimestre - Cokéfaction et raffinage ; industries extractives, énergie, eau, gestion des déchets et dépollution (A17-C2DE) - Pays de la Loire";"Codes";"Emploi salarié en fin de trimestre - Fabrication d'équipements électriques, électroniques, informatiques ; fabrication de machines (A17-C3) - Pays de la Loire";"Codes";"Emploi salarié en fin de trimestre - Fabrication de matériels de transport (A17-C4) - Pays de la Loire";"Codes";"Emploi salarié en fin de trimestre - Fabrication d'autres produits industriels (A17-C5) - Pays de la Loire";"Codes";"Emploi salarié en fin de trimestre - Commerce ; réparation d'automobiles et de motocycles (A17-GZ) - Pays de la Loire";"Codes";"Emploi salarié en fin de trimestre - Transports et entreposage (A17-HZ) - Pays de la Loire";"Codes";"Emploi salarié en fin de trimestre - Hébergement et restauration (A17-IZ) - Pays de la Loire";"Codes";"Emploi salarié en fin de trimestre - Information et communication (A17-JZ) - Pays de la Loire";"Codes";"Emploi salarié en fin de trimestre - Activités financières et d'assurance (A17-KZ) - Pays de la Loire";"Codes";"Emploi salarié en fin de trimestre - Activités immobilières (A17-LZ) - Pays de la Loire";"Codes";"Emploi salarié en fin de trimestre - Activités scientifiques et techniques ; services administratifs et de soutien (A17-MN) - Pays de la Loire";"Codes";"Emploi salarié en fin de trimestre - Intérim (78.20Z) - Pays de la Loire";"Codes";"Emploi salarié en fin de trimestre - Autres activités de services (A17-RU) - Pays de la Loire";"Codes";"Emploi salarié en fin de trimestre - Agriculture (A5-AZ) - Pays de la Loire";"Codes";"Emploi salarié en fin de trimestre - Tertiaire non marchand (A5-OQ) - Pays de la Loire";"Codes";"Emploi salarié en fin de trimestre - Ensemble des salariés - Pays de la Loire";"Codes";"Emploi salarié en fin de trimestre - Agriculture (A17-AZ) - Pays de la Loire";"Codes";"Emploi salarié en fin de trimestre - Tertiaire non marchand (A17-OQ) - Pays de la Loire";"Codes";"Emploi salarié en fin de trimestre - Ensemble des salariés du secteur public - Pays de la Loire";"Codes";"Emploi salarié en fin de trimestre - Ensemble des salariés du secteur privé - Pays de la Loire";"Codes"
"idBank";"001737489";"";"001737169";"";"010599810";"";"010567310";"";"001737511";"";"001737564";"";"001737616";"";"001737668";"";"001737720";"";"001737538";"";"001737586";"";"001737631";"";"001737681";"";"001737703";"";"001737755";"";"010567880";"";"001737118";"";"001737140";"";"010567424";"";"010567652";"";"010567994";"";"010567538";"";"010567766";"";"010568030";"";"010568012";""
"Dernière mise à jour";"31/03/2023 12:00";"";"31/03/2023 12:00";"";"31/03/2023 12:00";"";"31/03/2023 12:00";"";"31/03/2023 12:00";"";"31/03/2023 12:00";"";"31/03/2023 12:00";"";"31/03/2023 12:00";"";"31/03/2023 12:00";"";"31/03/2023 12:00";"";"31/03/2023 12:00";"";"31/03/2023 12:00";"";"31/03/2023 12:00";"";"31/03/2023 12:00";"";"31/03/2023 12:00";"";"31/03/2023 12:00";"";"31/03/2023 12:00";"";"31/03/2023 12:00";"";"31/03/2023 12:00";"";"31/03/2023 12:00";"";"31/03/2023 12:00";"";"31/03/2023 12:00";"";"31/03/2023 12:00";"";"31/03/2023 12:00";"";"31/03/2023 12:00";""
"Période";"";"";"";"";"";"";"";"";"";"";"";"";"";"";"";"";"";"";"";"";"";"";"";"";"";"";"";"";"";"";"";"";"";"";"";"";"";"";"";"";"";"";"";"";"";"";"";"";"";""
"2022-T4";"266202";"P";"726061";"P";"1090748";"P";"98484";"P";"66143";"P";"20228";"P";"36498";"P";"32996";"P";"110337";"P";"196255";"P";"75953";"P";"54824";"P";"44273";"P";"51520";"P";"11759";"P";"219036";"P";"68937";"P";"72442";"P";"27998";"P";"448790";"P";"1567536";"P";"27998";"P";"448790";"P";"293682";"P";"1273854";"P"
"2022-T3";"265222";"P";"723456";"P";"1087219";"P";"98541";"P";"65898";"P";"20054";"P";"36215";"P";"32831";"P";"110224";"P";"195903";"P";"75952";"P";"54261";"P";"43764";"P";"51295";"P";"11785";"P";"217681";"P";"67652";"P";"72814";"P";"26721";"P";"447890";"P";"1561830";"P";"26721";"P";"447890";"P";"292152";"P";"1269678";"P"
"2022-T2";"263290";"P";"718939";"P";"1080843";"P";"98614";"P";"65960";"P";"19956";"P";"35677";"P";"32638";"P";"109059";"P";"195314";"P";"75612";"P";"54579";"P";"43481";"P";"50932";"P";"11711";"P";"215232";"P";"66533";"P";"72078";"P";"27069";"P";"449049";"P";"1556960";"P";"27069";"P";"449049";"P";"292638";"P";"1264323";"P"
"2022-T1";"262210";"P";"715605";"P";"1076257";"P";"98442";"P";"66351";"P";"19783";"P";"35430";"P";"32500";"P";"108146";"P";"194916";"P";"75598";"P";"53560";"P";"42165";"P";"50503";"P";"11716";"P";"215681";"P";"68049";"P";"71466";"P";"29092";"P";"447590";"P";"1552938";"P";"29092";"P";"447590";"P";"291802";"P";"1261137";"P"
"2021-T4";"261487";"P";"710676";"P";"1070403";"P";"98240";"P";"66273";"P";"19793";"P";"35312";"P";"32448";"P";"107660";"P";"194535";"P";"75323";"P";"52760";"P";"41855";"P";"50192";"P";"11639";"P";"214085";"P";"68634";"P";"70287";"P";"27851";"P";"447281";"P";"1545535";"P";"27851";"P";"447281";"P";"291941";"P";"1253595";"P"
"2021-T3";"259970";"P";"700018";"P";"1057623";"P";"97635";"P";"65737";"P";"19684";"P";"35209";"P";"32462";"P";"106878";"P";"192754";"P";"74970";"P";"51574";"P";"41017";"P";"49660";"P";"11571";"P";"208860";"P";"65582";"P";"69614";"P";"27641";"P";"445153";"P";"1530418";"P";"27641";"P";"445153";"P";"290951";"P";"1239467";"P"
"2021-T2";"258723";"P";"689510";"P";"1044684";"P";"96451";"P";"64996";"P";"19587";"P";"35034";"P";"32458";"P";"106648";"P";"190916";"P";"74633";"P";"50061";"P";"40239";"P";"49140";"P";"11246";"P";"204967";"P";"64878";"P";"68308";"P";"28018";"P";"445006";"P";"1517709";"P";"28018";"P";"445006";"P";"290757";"P";"1226952";"P"
"2021-T1";"257796";"P";"677413";"P";"1030863";"P";"95655";"P";"64466";"P";"19526";"P";"34863";"P";"32401";"P";"106541";"P";"188995";"P";"74972";"P";"46304";"P";"39646";"P";"48884";"P";"11347";"P";"201180";"P";"62881";"P";"66085";"P";"26501";"P";"443616";"P";"1500980";"P";"26501";"P";"443616";"P";"289591";"P";"1211390";"P"
"2020-T4";"257244";"A";"666239";"A";"1018011";"A";"94528";"A";"64045";"A";"19385";"A";"34870";"A";"32425";"A";"106521";"A";"186034";"A";"74620";"A";"46833";"A";"39083";"A";"48331";"A";"11180";"A";"195569";"A";"59833";"A";"64589";"A";"26626";"A";"444375";"A";"1489012";"A";"26626";"A";"444375";"A";"291719";"A";"1197293";"A"
"2020-T3";"257727";"A";"665982";"A";"1017440";"A";"93730";"A";"64061";"A";"19352";"A";"35019";"A";"32563";"A";"106731";"A";"185062";"A";"74114";"A";"49950";"A";"38937";"A";"48292";"A";"11041";"A";"191734";"A";"57398";"A";"66853";"A";"26301";"A";"443349";"A";"1487090";"A";"26301";"A";"443349";"A";"291394";"A";"1195695";"A"
"2020-T2";"258195";"A";"645654";"A";"997181";"A";"93332";"A";"63564";"A";"19275";"A";"35251";"A";"32919";"A";"107185";"A";"183901";"A";"73783";"A";"46835";"A";"38758";"A";"47935";"A";"10939";"A";"180411";"A";"47061";"A";"63091";"A";"26315";"A";"436896";"A";"1460392";"A";"26315";"A";"436896";"A";"287338";"A";"1173054";"A"
"2020-T1";"259235";"A";"639837";"A";"991901";"A";"92829";"A";"63793";"A";"19247";"A";"35413";"A";"33084";"A";"107699";"A";"182467";"A";"73763";"A";"48932";"A";"38772";"A";"47846";"A";"10841";"A";"173597";"A";"40964";"A";"63618";"A";"25055";"A";"440442";"A";"1457398";"A";"25055";"A";"440442";"A";"290309";"A";"1167089";"A"
"2019-T4";"259125";"A";"668184";"A";"1019584";"A";"92276";"A";"63623";"A";"19139";"A";"35474";"A";"32937";"A";"107952";"A";"183098";"A";"74074";"A";"50999";"A";"38015";"A";"47689";"A";"10710";"A";"198180";"A";"64520";"A";"65419";"A";"25998";"A";"439828";"A";"1485410";"A";"25998";"A";"439828";"A";"289108";"A";"1196302";"A"
"2019-T3";"258356";"A";"662230";"A";"1012773";"A";"92186";"A";"63150";"A";"19064";"A";"35356";"A";"32807";"A";"107979";"A";"181847";"A";"74007";"A";"49907";"A";"37691";"A";"47635";"A";"10611";"A";"195892";"A";"64016";"A";"64639";"A";"26070";"A";"439480";"A";"1478323";"A";"26070";"A";"439480";"A";"288826";"A";"1189497";"A"
"2019-T2";"257303";"A";"660332";"A";"1009163";"A";"91528";"A";"63189";"A";"18965";"A";"35224";"A";"32675";"A";"107250";"A";"181385";"A";"73395";"A";"49862";"A";"37167";"A";"47551";"A";"10575";"A";"194849";"A";"63929";"A";"65546";"A";"26341";"A";"438456";"A";"1473960";"A";"26341";"A";"438456";"A";"288654";"A";"1185306";"A"
"2019-T1";"257190";"A";"657984";"A";"1006562";"A";"91388";"A";"62966";"A";"18852";"A";"35139";"A";"32468";"A";"107764";"A";"180743";"A";"73082";"A";"49567";"A";"36925";"A";"47450";"A";"10512";"A";"193184";"A";"64183";"A";"66521";"A";"26488";"A";"437987";"A";"1471038";"A";"26488";"A";"437987";"A";"287634";"A";"1183405";"A"
"2018-T4";"255145";"A";"652299";"A";"997786";"A";"90341";"A";"62510";"A";"18786";"A";"34756";"A";"31969";"A";"107124";"A";"180082";"A";"72866";"A";"48755";"A";"36417";"A";"47386";"A";"10389";"A";"190691";"A";"62609";"A";"65712";"A";"26106";"A";"437062";"A";"1460954";"A";"26106";"A";"437062";"A";"286517";"A";"1174437";"A"
"2018-T3";"254087";"A";"649196";"A";"993531";"A";"90248";"A";"62613";"A";"18631";"A";"34463";"A";"31658";"A";"106722";"A";"179109";"A";"72416";"A";"48406";"A";"35876";"A";"46562";"A";"10442";"A";"190120";"A";"64099";"A";"66264";"A";"25386";"A";"436520";"A";"1455437";"A";"25386";"A";"436520";"A";"286144";"A";"1169294";"A"
"2018-T2";"252452";"A";"649772";"A";"991963";"A";"89739";"A";"62358";"A";"18537";"A";"34090";"A";"31164";"A";"106304";"A";"179507";"A";"72763";"A";"48641";"A";"35535";"A";"46735";"A";"10514";"A";"188702";"A";"64092";"A";"67374";"A";"25793";"A";"436743";"A";"1454499";"A";"25793";"A";"436743";"A";"285991";"A";"1168508";"A"
"2018-T1";"251643";"A";"646728";"A";"987779";"A";"89408";"A";"62702";"A";"18429";"A";"33868";"A";"30793";"A";"105851";"A";"178636";"A";"71570";"A";"48654";"A";"34890";"A";"46717";"A";"10460";"A";"189514";"A";"66040";"A";"66288";"A";"26268";"A";"438260";"A";"1452307";"A";"26268";"A";"438260";"A";"287270";"A";"1165037";"A"
"2017-T4";"250758";"A";"642882";"A";"982390";"A";"88750";"A";"62526";"A";"18548";"A";"33581";"A";"30562";"A";"105541";"A";"177399";"A";"71199";"A";"48154";"A";"34295";"A";"46960";"A";"10366";"A";"188633";"A";"66262";"A";"65876";"A";"25848";"A";"438563";"A";"1446801";"A";"25848";"A";"438563";"A";"286997";"A";"1159804";"A"
"2017-T3";"249566";"A";"636435";"A";"974368";"A";"88366";"A";"62848";"A";"18423";"A";"33094";"A";"30247";"A";"104954";"A";"176944";"A";"70891";"A";"47091";"A";"33506";"A";"46841";"A";"10398";"A";"185185";"A";"63722";"A";"65580";"A";"26302";"A";"437689";"A";"1438358";"A";"26302";"A";"437689";"A";"286309";"A";"1152049";"A"
"2017-T2";"249198";"A";"629341";"A";"966332";"A";"87793";"A";"62836";"A";"18471";"A";"33083";"A";"29942";"A";"104866";"A";"175621";"A";"70619";"A";"47019";"A";"33451";"A";"46676";"A";"10343";"A";"180234";"A";"59699";"A";"65377";"A";"26402";"A";"438980";"A";"1431714";"A";"26402";"A";"438980";"A";"286636";"A";"1145078";"A"
"2017-T1";"247549";"A";"624357";"A";"959431";"A";"87525";"A";"61991";"A";"18439";"A";"32954";"A";"29750";"A";"104415";"A";"175011";"A";"70475";"A";"47015";"A";"33268";"A";"46479";"A";"10166";"A";"175961";"A";"57108";"A";"65982";"A";"26445";"A";"439258";"A";"1425135";"A";"26445";"A";"439258";"A";"286594";"A";"1138540";"A"
"2016-T4";"246710";"A";"616898";"A";"950358";"A";"86749";"A";"61163";"A";"18572";"A";"33004";"A";"29438";"A";"104534";"A";"174414";"A";"70288";"A";"46448";"A";"33018";"A";"46471";"A";"10113";"A";"171181";"A";"54401";"A";"64964";"A";"25518";"A";"438027";"A";"1413903";"A";"25518";"A";"438027";"A";"286106";"A";"1127796";"A"
"2016-T3";"245615";"A";"614588";"A";"947136";"A";"86933";"A";"60746";"A";"18630";"A";"32972";"A";"29054";"A";"104212";"A";"174072";"A";"70077";"A";"46554";"A";"32822";"A";"46334";"A";"10019";"A";"169256";"A";"52654";"A";"65454";"A";"24466";"A";"437877";"A";"1409478";"A";"24466";"A";"437877";"A";"285759";"A";"1123719";"A"
"2016-T2";"245386";"A";"610091";"A";"942720";"A";"87243";"A";"60780";"A";"18681";"A";"32926";"A";"28686";"A";"104312";"A";"174365";"A";"69845";"A";"46148";"A";"32512";"A";"46286";"A";"9858";"A";"165850";"A";"50572";"A";"65228";"A";"25315";"A";"436214";"A";"1404249";"A";"25315";"A";"436214";"A";"284192";"A";"1120057";"A"
"2016-T1";"245423";"A";"606509";"A";"938977";"A";"87045";"A";"60815";"A";"18702";"A";"33237";"A";"28477";"A";"104192";"A";"174706";"A";"68369";"A";"45873";"A";"32218";"A";"46391";"A";"9742";"A";"164265";"A";"49906";"A";"64946";"A";"25264";"A";"434964";"A";"1399205";"A";"25264";"A";"434964";"A";"283833";"A";"1115372";"A"
"2015-T4";"245139";"A";"600083";"A";"932035";"A";"86812";"A";"60516";"A";"18790";"A";"33478";"A";"28559";"A";"103796";"A";"174175";"A";"67888";"A";"45368";"A";"31723";"A";"45679";"A";"9588";"A";"160871";"A";"47835";"A";"64792";"A";"25708";"A";"434436";"A";"1392179";"A";"25708";"A";"434436";"A";"283334";"A";"1108845";"A"
"2015-T3";"245157";"A";"594959";"A";"927473";"A";"87357";"A";"60193";"A";"18805";"A";"33842";"A";"28474";"A";"103842";"A";"173847";"A";"67539";"A";"44767";"A";"31347";"A";"45755";"A";"9511";"A";"157183";"A";"45469";"A";"65010";"A";"26461";"A";"434332";"A";"1388266";"A";"26461";"A";"434332";"A";"283415";"A";"1104851";"A"
"2015-T2";"245455";"A";"591883";"A";"925030";"A";"87692";"A";"60004";"A";"18694";"A";"34148";"A";"28640";"A";"103968";"A";"173410";"A";"67316";"A";"45194";"A";"30796";"A";"45701";"A";"9410";"A";"155047";"A";"43409";"A";"65009";"A";"26523";"A";"433925";"A";"1385478";"A";"26523";"A";"433925";"A";"283793";"A";"1101685";"A"
"2015-T1";"245933";"A";"587543";"A";"921766";"A";"88290";"A";"59767";"A";"18750";"A";"34123";"A";"28786";"A";"104507";"A";"173103";"A";"67218";"A";"44660";"A";"30451";"A";"45393";"A";"9460";"A";"152194";"A";"41744";"A";"65064";"A";"25403";"A";"432479";"A";"1379648";"A";"25403";"A";"432479";"A";"283183";"A";"1096465";"A"
"2014-T4";"246494";"A";"585573";"A";"921643";"A";"89577";"A";"59608";"A";"18841";"A";"34188";"A";"28606";"A";"105250";"A";"172780";"A";"67202";"A";"44540";"A";"30256";"A";"45203";"A";"9404";"A";"151148";"A";"40799";"A";"65040";"A";"25517";"A";"432177";"A";"1379338";"A";"25517";"A";"432177";"A";"283446";"A";"1095891";"A"
"2014-T3";"247164";"A";"584078";"A";"922083";"A";"90841";"A";"59483";"A";"18763";"A";"34368";"A";"28847";"A";"105704";"A";"172251";"A";"67219";"A";"44440";"A";"30106";"A";"45165";"A";"9474";"A";"150557";"A";"41151";"A";"64865";"A";"26194";"A";"431220";"A";"1379497";"A";"26194";"A";"431220";"A";"282746";"A";"1096751";"A"
"2014-T2";"248291";"A";"584513";"A";"924714";"A";"91910";"A";"59584";"A";"19044";"A";"34662";"A";"29004";"A";"105997";"A";"172425";"A";"67151";"A";"44362";"A";"29959";"A";"45067";"A";"9476";"A";"151453";"A";"42534";"A";"64620";"A";"26703";"A";"430706";"A";"1382123";"A";"26703";"A";"430706";"A";"282375";"A";"1099748";"A"
"2014-T1";"248701";"A";"581195";"A";"922323";"A";"92426";"A";"59570";"A";"18903";"A";"34869";"A";"29313";"A";"106046";"A";"172480";"A";"67193";"A";"44013";"A";"29857";"A";"44935";"A";"9570";"A";"148262";"A";"40100";"A";"64885";"A";"26345";"A";"429165";"A";"1377833";"A";"26345";"A";"429165";"A";"281163";"A";"1096670";"A"
"2013-T4";"248160";"A";"583432";"A";"924716";"A";"93124";"A";"59440";"A";"18863";"A";"34223";"A";"29201";"A";"106432";"A";"172770";"A";"66994";"A";"44116";"A";"29757";"A";"45009";"A";"9576";"A";"150298";"A";"41546";"A";"64912";"A";"25672";"A";"428668";"A";"1379057";"A";"25672";"A";"428668";"A";"280637";"A";"1098419";"A"
"2013-T3";"248843";"A";"579622";"A";"923092";"A";"94628";"A";"60060";"A";"18894";"A";"34140";"A";"29253";"A";"106495";"A";"172454";"A";"66850";"A";"43450";"A";"29355";"A";"44745";"A";"9546";"A";"148190";"A";"40321";"A";"65032";"A";"24495";"A";"425707";"A";"1373295";"A";"24495";"A";"425707";"A";"278422";"A";"1094873";"A"
"2013-T2";"248215";"A";"576925";"A";"920328";"A";"95188";"A";"59570";"A";"18815";"A";"34038";"A";"29213";"A";"106580";"A";"172030";"A";"66730";"A";"43370";"A";"29036";"A";"44533";"A";"9572";"A";"146832";"A";"39361";"A";"64822";"A";"24367";"A";"423846";"A";"1368540";"A";"24367";"A";"423846";"A";"277214";"A";"1091326";"A"
"2013-T1";"248665";"A";"579911";"A";"924685";"A";"96108";"A";"59587";"A";"18695";"A";"34091";"A";"29075";"A";"107217";"A";"172999";"A";"66896";"A";"44291";"A";"29225";"A";"44561";"A";"9543";"A";"147850";"A";"39867";"A";"64547";"A";"24877";"A";"423779";"A";"1373341";"A";"24877";"A";"423779";"A";"276922";"A";"1096419";"A"
"2012-T4";"249412";"A";"579358";"A";"924946";"A";"96176";"A";"59514";"A";"18838";"A";"34142";"A";"29115";"A";"107803";"A";"173251";"A";"67080";"A";"44152";"A";"29073";"A";"44377";"A";"9625";"A";"146832";"A";"38979";"A";"64967";"A";"25001";"A";"423621";"A";"1373568";"A";"25001";"A";"423621";"A";"276642";"A";"1096926";"A"
"2012-T3";"250023";"A";"579130";"A";"926019";"A";"96865";"A";"59771";"A";"18951";"A";"34325";"A";"28825";"A";"108151";"A";"173699";"A";"67402";"A";"43839";"A";"28915";"A";"44226";"A";"9583";"A";"147064";"A";"39522";"A";"64403";"A";"21966";"A";"423120";"A";"1371105";"A";"21966";"A";"423120";"A";"276388";"A";"1094717";"A"
"2012-T2";"249738";"A";"580309";"A";"927100";"A";"97053";"A";"59657";"A";"18938";"A";"34275";"A";"28771";"A";"108096";"A";"174119";"A";"67255";"A";"43767";"A";"28408";"A";"44234";"A";"9549";"A";"147924";"A";"41874";"A";"65054";"A";"23655";"A";"422212";"A";"1372967";"A";"23655";"A";"422212";"A";"275824";"A";"1097143";"A"
"2012-T1";"248951";"A";"581020";"A";"927932";"A";"97961";"A";"58986";"A";"18668";"A";"34199";"A";"28763";"A";"108335";"A";"174100";"A";"67260";"A";"43866";"A";"28216";"A";"44058";"A";"9516";"A";"149116";"A";"43999";"A";"64889";"A";"24271";"A";"419712";"A";"1371915";"A";"24271";"A";"419712";"A";"274287";"A";"1097629";"A"
"2011-T4";"248838";"A";"579612";"A";"926514";"A";"98064";"A";"59223";"A";"18647";"A";"33990";"A";"28606";"A";"108371";"A";"173756";"A";"67008";"A";"43532";"A";"27707";"A";"44126";"A";"9522";"A";"149628";"A";"45576";"A";"64334";"A";"24050";"A";"419860";"A";"1370425";"A";"24050";"A";"419860";"A";"274583";"A";"1095841";"A"
"2011-T3";"248707";"A";"579590";"A";"926572";"A";"98275";"A";"59089";"A";"18600";"A";"33990";"A";"28433";"A";"108594";"A";"174091";"A";"67021";"A";"43713";"A";"27541";"A";"43804";"A";"9532";"A";"149158";"A";"45637";"A";"64730";"A";"24299";"A";"418683";"A";"1369554";"A";"24299";"A";"418683";"A";"273169";"A";"1096385";"A"
"2011-T2";"247996";"A";"578607";"A";"925252";"A";"98648";"A";"58763";"A";"18607";"A";"34048";"A";"28140";"A";"108439";"A";"173574";"A";"66665";"A";"43706";"A";"27298";"A";"43548";"A";"9488";"A";"149297";"A";"45993";"A";"65031";"A";"24243";"A";"420627";"A";"1370123";"A";"24243";"A";"420627";"A";"275368";"A";"1094754";"A"
"2011-T1";"247791";"A";"578126";"A";"924512";"A";"98596";"A";"58966";"A";"18510";"A";"34213";"A";"27941";"A";"108161";"A";"173243";"A";"66501";"A";"42939";"A";"27075";"A";"43613";"A";"9403";"A";"149332";"A";"46204";"A";"66020";"A";"23745";"A";"420018";"A";"1368275";"A";"23745";"A";"420018";"A";"274539";"A";"1093737";"A"
"2010-T4";"247856";"A";"573984";"A";"920357";"A";"98516";"A";"59111";"A";"18601";"A";"34453";"A";"27966";"A";"107725";"A";"172246";"A";"65986";"A";"42759";"A";"26777";"A";"43366";"A";"9334";"A";"146829";"A";"46301";"A";"66686";"A";"24364";"A";"419369";"A";"1364090";"A";"24364";"A";"419369";"A";"274589";"A";"1089501";"A"
"2010-T3";"247892";"A";"574729";"A";"921043";"A";"98422";"A";"58550";"A";"18986";"A";"34518";"A";"27974";"A";"107865";"A";"171910";"A";"65546";"A";"43022";"A";"26511";"A";"43219";"A";"9349";"A";"148675";"A";"44087";"A";"66496";"A";"";"";"";"";"";"";"";"";"";"";"";"";"";""
"2010-T2";"249039";"A";"570284";"A";"917675";"A";"98353";"A";"58643";"A";"18928";"A";"34900";"A";"28193";"A";"108375";"A";"171270";"A";"65462";"A";"42571";"A";"26087";"A";"43244";"A";"9439";"A";"146575";"A";"41936";"A";"65635";"A";"";"";"";"";"";"";"";"";"";"";"";"";"";""
"2010-T1";"250165";"A";"564982";"A";"913243";"A";"98097";"A";"58911";"A";"18905";"A";"35381";"A";"28412";"A";"108557";"A";"170432";"A";"65230";"A";"42080";"A";"25988";"A";"43339";"A";"9577";"A";"142271";"A";"39199";"A";"66064";"A";"";"";"";"";"";"";"";"";"";"";"";"";"";""
"2009-T4";"252757";"A";"560921";"A";"912438";"A";"98761";"A";"59090";"A";"18923";"A";"36175";"A";"28714";"A";"109855";"A";"170758";"A";"65187";"A";"41630";"A";"25717";"A";"43358";"A";"9541";"A";"138271";"A";"36616";"A";"66459";"A";"";"";"";"";"";"";"";"";"";"";"";"";"";""
"2009-T3";"254549";"A";"558095";"A";"911836";"A";"99193";"A";"59160";"A";"18831";"A";"36756";"A";"29211";"A";"110591";"A";"170054";"A";"65274";"A";"40896";"A";"25648";"A";"43536";"A";"9450";"A";"137350";"A";"35237";"A";"65887";"A";"";"";"";"";"";"";"";"";"";"";"";"";"";""
"2009-T2";"257848";"A";"557295";"A";"914657";"A";"99514";"A";"59354";"A";"18865";"A";"37283";"A";"30634";"A";"111713";"A";"170940";"A";"65738";"A";"41168";"A";"25548";"A";"44041";"A";"9410";"A";"134869";"A";"34016";"A";"65583";"A";"";"";"";"";"";"";"";"";"";"";"";"";"";""
"2009-T1";"261366";"A";"556562";"A";"917941";"A";"100013";"A";"59064";"A";"18854";"A";"38108";"A";"31244";"A";"114096";"A";"171508";"A";"66011";"A";"41345";"A";"25687";"A";"43534";"A";"9366";"A";"133660";"A";"32947";"A";"65451";"A";"";"";"";"";"";"";"";"";"";"";"";"";"";""
"2008-T4";"263411";"A";"565759";"A";"929915";"A";"100745";"A";"58580";"A";"18783";"A";"38757";"A";"31568";"A";"115724";"A";"172455";"A";"66809";"A";"42107";"A";"25724";"A";"43641";"A";"9485";"A";"140875";"A";"39088";"A";"64662";"A";"";"";"";"";"";"";"";"";"";"";"";"";"";""
"2008-T3";"266227";"A";"570311";"A";"937257";"A";"100719";"A";"59090";"A";"18968";"A";"39457";"A";"32088";"A";"116623";"A";"172378";"A";"66992";"A";"41665";"A";"25764";"A";"43528";"A";"9756";"A";"146712";"A";"45318";"A";"63516";"A";"";"";"";"";"";"";"";"";"";"";"";"";"";""
"2008-T2";"267155";"A";"572633";"A";"940605";"A";"100817";"A";"59264";"A";"19272";"A";"40102";"A";"31637";"A";"116880";"A";"172353";"A";"67397";"A";"41474";"A";"25769";"A";"43085";"A";"10046";"A";"148957";"A";"48250";"A";"63553";"A";"";"";"";"";"";"";"";"";"";"";"";"";"";""
"2008-T1";"268151";"A";"577536";"A";"945855";"A";"100168";"A";"59614";"A";"19472";"A";"40526";"A";"31605";"A";"116936";"A";"171424";"A";"67149";"A";"42184";"A";"25572";"A";"43110";"A";"10207";"A";"153819";"A";"53562";"A";"64072";"A";"";"";"";"";"";"";"";"";"";"";"";"";"";""
"2007-T4";"267786";"A";"572119";"A";"938507";"A";"98602";"A";"59185";"A";"19575";"A";"40692";"A";"31786";"A";"116549";"A";"171286";"A";"67407";"A";"42541";"A";"25112";"A";"42859";"A";"10093";"A";"149015";"A";"50109";"A";"63806";"A";"";"";"";"";"";"";"";"";"";"";"";"";"";""
"2007-T3";"267321";"A";"568537";"A";"933674";"A";"97816";"A";"58794";"A";"19667";"A";"40571";"A";"31840";"A";"116448";"A";"170929";"A";"67618";"A";"42261";"A";"25003";"A";"42606";"A";"9982";"A";"146574";"A";"49058";"A";"63566";"A";"";"";"";"";"";"";"";"";"";"";"";"";"";""
"2007-T2";"267240";"A";"563771";"A";"927411";"A";"96400";"A";"58882";"A";"19534";"A";"40660";"A";"31533";"A";"116632";"A";"168884";"A";"67413";"A";"41938";"A";"25089";"A";"42328";"A";"9764";"A";"145854";"A";"48717";"A";"62501";"A";"";"";"";"";"";"";"";"";"";"";"";"";"";""
"2007-T1";"267297";"A";"562416";"A";"925719";"A";"96006";"A";"58647";"A";"19599";"A";"40669";"A";"31570";"A";"116811";"A";"168337";"A";"67027";"A";"41379";"A";"24655";"A";"41965";"A";"9570";"A";"147757";"A";"52040";"A";"61728";"A";"";"";"";"";"";"";"";"";"";"";"";"";"";""
"2006-T4";"268136";"A";"554932";"A";"917753";"A";"94685";"A";"59108";"A";"19292";"A";"40591";"A";"31827";"A";"117318";"A";"167067";"A";"66444";"A";"41308";"A";"24522";"A";"41793";"A";"9468";"A";"142899";"A";"47243";"A";"61431";"A";"";"";"";"";"";"";"";"";"";"";"";"";"";""
"2006-T3";"269007";"A";"555022";"A";"917615";"A";"93586";"A";"59384";"A";"19253";"A";"40674";"A";"32007";"A";"117689";"A";"167517";"A";"66035";"A";"41448";"A";"24448";"A";"41397";"A";"9387";"A";"143148";"A";"47180";"A";"61642";"A";"";"";"";"";"";"";"";"";"";"";"";"";"";""
"2006-T2";"268702";"A";"550644";"A";"911543";"A";"92197";"A";"58752";"A";"19177";"A";"40791";"A";"31902";"A";"118079";"A";"165883";"A";"65741";"A";"40554";"A";"24243";"A";"41236";"A";"9308";"A";"142930";"A";"48019";"A";"60747";"A";"";"";"";"";"";"";"";"";"";"";"";"";"";""
"2006-T1";"269602";"A";"546121";"A";"906814";"A";"91091";"A";"58821";"A";"19277";"A";"40923";"A";"32126";"A";"118455";"A";"165708";"A";"66240";"A";"40142";"A";"24170";"A";"41047";"A";"9269";"A";"139281";"A";"44898";"A";"60263";"A";"";"";"";"";"";"";"";"";"";"";"";"";"";""
"2005-T4";"270996";"A";"542243";"A";"902924";"A";"89685";"A";"59320";"A";"19298";"A";"41081";"A";"32489";"A";"118807";"A";"164878";"A";"65757";"A";"39664";"A";"23845";"A";"40671";"A";"9097";"A";"138294";"A";"44653";"A";"60037";"A";"";"";"";"";"";"";"";"";"";"";"";"";"";""
"2005-T3";"272289";"A";"537891";"A";"898706";"A";"88525";"A";"59356";"A";"19397";"A";"41112";"A";"32998";"A";"119426";"A";"164596";"A";"65703";"A";"39461";"A";"23628";"A";"40582";"A";"8964";"A";"135036";"A";"42569";"A";"59922";"A";"";"";"";"";"";"";"";"";"";"";"";"";"";""
"2005-T2";"273023";"A";"534507";"A";"895150";"A";"87620";"A";"59370";"A";"19547";"A";"40851";"A";"32992";"A";"120263";"A";"164392";"A";"64683";"A";"39138";"A";"23173";"A";"40546";"A";"8920";"A";"134299";"A";"42316";"A";"59355";"A";"";"";"";"";"";"";"";"";"";"";"";"";"";""
"2005-T1";"274350";"A";"532107";"A";"893299";"A";"86841";"A";"59895";"A";"19689";"A";"40678";"A";"33486";"A";"120602";"A";"163600";"A";"65113";"A";"39368";"A";"22971";"A";"40299";"A";"8696";"A";"132628";"A";"41909";"A";"59431";"A";"";"";"";"";"";"";"";"";"";"";"";"";"";""
"2004-T4";"276653";"A";"529276";"A";"892287";"A";"86358";"A";"60307";"A";"19917";"A";"40722";"A";"34080";"A";"121627";"A";"163255";"A";"65113";"A";"38962";"A";"22755";"A";"40122";"A";"8320";"A";"131641";"A";"42014";"A";"59108";"A";"";"";"";"";"";"";"";"";"";"";"";"";"";""
"2004-T3";"278125";"A";"525699";"A";"889359";"A";"85534";"A";"60619";"A";"19841";"A";"40736";"A";"34371";"A";"122558";"A";"162282";"A";"65581";"A";"39172";"A";"22621";"A";"39870";"A";"8167";"A";"128839";"A";"40358";"A";"59168";"A";"";"";"";"";"";"";"";"";"";"";"";"";"";""
"2004-T2";"278883";"A";"522443";"A";"886585";"A";"85260";"A";"60834";"A";"19650";"A";"40848";"A";"33977";"A";"123574";"A";"162106";"A";"65463";"A";"39084";"A";"22477";"A";"39508";"A";"8181";"A";"126776";"A";"39655";"A";"58848";"A";"";"";"";"";"";"";"";"";"";"";"";"";"";""
"2004-T1";"281494";"A";"519387";"A";"885588";"A";"84708";"A";"61220";"A";"19662";"A";"41108";"A";"34474";"A";"125031";"A";"161231";"A";"65359";"A";"38603";"A";"22358";"A";"39450";"A";"8109";"A";"125747";"A";"39603";"A";"58530";"A";"";"";"";"";"";"";"";"";"";"";"";"";"";""
"2003-T4";"283144";"A";"519549";"A";"886588";"A";"83895";"A";"61202";"A";"19566";"A";"41354";"A";"34657";"A";"126365";"A";"161492";"A";"65678";"A";"38504";"A";"22314";"A";"39497";"A";"8381";"A";"125260";"A";"39953";"A";"58422";"A";"";"";"";"";"";"";"";"";"";"";"";"";"";""
"2003-T3";"284718";"A";"516518";"A";"884348";"A";"83113";"A";"61976";"A";"19449";"A";"41609";"A";"34725";"A";"126958";"A";"160818";"A";"65397";"A";"38454";"A";"22010";"A";"39412";"A";"8271";"A";"123986";"A";"39766";"A";"58170";"A";"";"";"";"";"";"";"";"";"";"";"";"";"";""
"2003-T2";"286943";"A";"517201";"A";"887333";"A";"83189";"A";"62626";"A";"19572";"A";"41996";"A";"34648";"A";"128101";"A";"161610";"A";"64704";"A";"38864";"A";"22007";"A";"39054";"A";"8377";"A";"124104";"A";"40401";"A";"58480";"A";"";"";"";"";"";"";"";"";"";"";"";"";"";""
"2003-T1";"285539";"A";"517825";"A";"886314";"A";"82950";"A";"59872";"A";"19503";"A";"42382";"A";"34768";"A";"129013";"A";"160815";"A";"64361";"A";"38783";"A";"22238";"A";"39348";"A";"8390";"A";"125259";"A";"40521";"A";"58631";"A";"";"";"";"";"";"";"";"";"";"";"";"";"";""
"2002-T4";"287697";"A";"515919";"A";"886597";"A";"82982";"A";"60255";"A";"19637";"A";"42705";"A";"35198";"A";"129903";"A";"160494";"A";"64447";"A";"39042";"A";"22194";"A";"38881";"A";"8513";"A";"123690";"A";"40621";"A";"58658";"A";"";"";"";"";"";"";"";"";"";"";"";"";"";""
"2002-T3";"288965";"A";"514829";"A";"886655";"A";"82860";"A";"59794";"A";"19666";"A";"43247";"A";"35534";"A";"130725";"A";"160540";"A";"63651";"A";"39090";"A";"22359";"A";"38736";"A";"8581";"A";"123377";"A";"40865";"A";"58494";"A";"";"";"";"";"";"";"";"";"";"";"";"";"";""
"2002-T2";"288577";"A";"512049";"A";"882660";"A";"82035";"A";"59728";"A";"19517";"A";"43289";"A";"35307";"A";"130736";"A";"159033";"A";"63487";"A";"38394";"A";"22483";"A";"38943";"A";"8517";"A";"123128";"A";"41337";"A";"58064";"A";"";"";"";"";"";"";"";"";"";"";"";"";"";""
"2002-T1";"288973";"A";"511437";"A";"882170";"A";"81760";"A";"59123";"A";"19366";"A";"43580";"A";"35486";"A";"131418";"A";"159391";"A";"63060";"A";"38789";"A";"22529";"A";"38831";"A";"8347";"A";"122140";"A";"41085";"A";"58351";"A";"";"";"";"";"";"";"";"";"";"";"";"";"";""
"2001-T4";"290834";"A";"504525";"A";"876796";"A";"81437";"A";"58839";"A";"19324";"A";"44065";"A";"35825";"A";"132782";"A";"156999";"A";"62589";"A";"38086";"A";"22599";"A";"38858";"A";"8189";"A";"119494";"A";"39869";"A";"57712";"A";"";"";"";"";"";"";"";"";"";"";"";"";"";""
