Année,Population,Densité moyenne (hab/km²),Variation annuelle moyenne de la population en %,Contribution du solde naturel en %,Contribution du solde apparent des entrées sorties en %,Taux de natalité (‰),Taux de mortalité (‰),% Hommes 0-14 ans,% Femmes 0-14 ans,% Hommes 15-29 ans,% Femmes 15-29 ans,% Hommes 30-44 ans,% Femmes 30-44 ans,% Hommes 45-59 ans,% Femmes 45-59 ans,% Hommes 60-74 ans,% Femmes 60-74 ans,% Hommes 75-89 ans,% Femmes 75-89 ans,% Hommes 90 ans ou plus,% Femmes 90 ans ou plus,% Personnes d'1 an ou plus habitant auparavant dans le même logement,% Personnes d'1 an ou plus habitant auparavant dans un autre logement de la même commune,% Personnes d'1 an ou plus habitant auparavant dans une autre commune,% Agriculteurs exploitants
1968,2582866,80.5,1.0,0.8,0.2,18.6,10.4,,,,,,,,
1975,2767163,86.3,0.8,0.6,0.2,16.0,9.7,,,,,,,,
1982,2930398,91.3,0.5,0.5,0.0,14.1,9.2,,,,,,,,
1990,3059112,95.4,0.6,0.4,0.2,12.5,8.8,,,,,,,,
1999,3222061,100.4,1.0,0.4,0.5,13.1,8.6,,,,,,,,
2008,3510170,109.4,0.8,0.4,0.4,12.7,8.5,,,,,,,,
2013,3660852,114.1,0.7,0.2,0.4,11.2,9.0,,,,,,,,
2019,3806461,118.6,,,,,,,19.5,17.7,17.8,16.2,18.8,17.9,19.8,19.1,16.4,17.3,7.0,9.7,0.7,1.9,88.5,4.1,7.4,1.2